session,group,family,label,x,topology_seed,n_neurons,rate_hz,n_events,events_per_min,mean_participation,mean_duration_ms,max_duration_ms,mean_ibi_ms,n_full,max_ko_mM,mean_ko_mM,duration_ms
sweep_c40_seed11,c40,kclear,kclear_tau00200,200.0,11,645,0.2792248062015504,36,12.0,0.3276055124892334,137.77777777777777,340.0,4959.296427889102,12,4.078851773931534,3.9973053589314707,180000.0
sweep_c40_seed11,c40,both,both_tau00200,200.0,11,645,1.6585185185185187,75,25.0,0.98656330749354,422.8,745.0,2408.1060807547574,75,4.267454873841827,4.0390402921492985,180000.0
sweep_c40_seed11,c40,kclear,kclear_tau12000,12000.0,11,645,0.2544099913867356,20,6.666666666666667,0.2148062015503876,106.0,215.0,8929.124998745281,2,5.249254940189462,5.167142742488373,180000.0
sweep_c40_seed11,c40,both,both_tau12000,12000.0,11,645,0.824547803617571,28,9.333333333333334,0.20968992248062013,173.21428571428572,400.0,6100.618517655705,2,15.048054756514128,14.74032446773912,180000.0
sweep_c40_seed11,c40,fourap,fourap_00.0mM,0.0,11,645,0.2792248062015504,36,12.0,0.3276055124892334,137.77777777777777,340.0,4959.296427889102,12,4.078851773931534,3.9973053589314707,180000.0
sweep_c40_seed11,c40,fourap,fourap_00.2mM,0.2,11,645,0.2778036175710594,31,10.333333333333334,0.2963740935233808,125.3225806451613,240.0,5683.183332563799,9,4.063122460036158,3.9972343862625936,180000.0
sweep_c40_seed11,c40,fourap,fourap_00.5mM,0.5,11,645,0.2788975021533161,30,10.0,0.3325064599483204,127.66666666666667,240.0,6027.162068132408,9,4.065543766506392,3.9972115349056647,180000.0
sweep_c40_seed11,c40,fourap,fourap_01.0mM,1.0,11,645,0.2743841515934539,34,11.333333333333334,0.2823073415412677,125.88235294117646,270.0,5192.728787170166,8,4.063215755721253,3.997131664353722,180000.0
sweep_c40_seed11,c40,fourap,fourap_02.0mM,2.0,11,645,0.2755641688199828,32,10.666666666666666,0.29752906976744187,129.21875,260.0,5384.008063795366,10,4.055429594810184,3.997104650890015,180000.0
sweep_c40_seed11,c40,fourap,fourap_04.0mM,4.0,11,645,0.27721791559000863,34,11.333333333333334,0.29744642042863656,118.08823529411765,285.0,5094.645453862751,12,4.064188278428289,3.997105263093573,180000.0
sweep_c40_seed11,c40,fourap,fourap_09.0mM,9.0,11,645,0.2785701981050818,31,10.333333333333334,0.3434858714678671,133.70967741935485,320.0,5783.388332537889,11,4.066847742944799,3.997110308873071,180000.0
sweep_c40_seed11,c40,sahp,sahp_s0.00,0.0,11,645,0.2792248062015504,36,12.0,0.3276055124892334,137.77777777777777,340.0,4959.296427889102,12,4.078851773931534,3.9973053589314707,180000.0
sweep_c40_seed11,c40,kclear,kclear_tau00500,500.0,11,645,0.27772609819121447,24,8.0,0.34612403100775196,138.33333333333334,310.0,7669.795651122363,8,4.1296602342403546,3.9934969293464158,180000.0
sweep_c40_seed11,c40,sahp,sahp_s0.25,0.25,11,645,0.3886735572782084,44,14.666666666666666,0.455461592670895,178.86363636363637,420.0,4019.233720387764,26,4.085603357803976,3.9992074365347388,180000.0
sweep_c40_seed11,c40,sahp,sahp_s0.50,0.5,11,645,0.5993970714900947,51,17.0,0.6891016871865026,204.6078431372549,350.0,3519.114499524063,39,4.147777909892238,4.003246489643956,180000.0
sweep_c40_seed11,c40,sahp,sahp_s0.75,0.75,11,645,0.9451679586563307,72,24.0,0.7282515073212747,265.4166666666667,510.0,2475.9732391033453,56,4.1780340862912295,4.012499968340415,180000.0
sweep_c40_seed11,c40,sahp,sahp_s1.00,1.0,11,645,1.6585185185185187,75,25.0,0.98656330749354,422.8,745.0,2408.1060807547574,75,4.267454873841827,4.0390402921492985,180000.0
sweep_c40_seed11,c40,both,both_tau00500,500.0,11,645,1.6502411714039622,77,25.666666666666668,0.9786570019128157,387.27272727272725,895.0,2349.6851970503776,77,4.880634253158635,4.1090775750308035,180000.0
sweep_c40_seed11,c40,kclear,kclear_tau01000,1000.0,11,645,0.27559000861326444,30,10.0,0.3117829457364341,135.16666666666666,305.0,5435.4189648339625,10,4.332794252261816,3.988210827733697,180000.0
sweep_c40_seed11,c40,both,both_tau01000,1000.0,11,645,1.0636950904392766,134,44.666666666666664,0.5194839754714798,402.35074626865674,995.0,1332.9381577144727,98,5.440637761534464,5.13711746093658,180000.0
sweep_c40_seed11,c40,kclear,kclear_tau02500,2500.0,11,645,0.2759000861326443,28,9.333333333333334,0.2869878183831672,115.71428571428571,215.0,6361.720369514514,7,4.59256788614837,3.9937196403104824,180000.0
sweep_c40_seed11,c40,both,both_tau02500,2500.0,11,645,0.8745133505598621,42,14.0,0.2535991140642303,200.11904761904762,420.0,4323.196950635746,9,8.101003717097624,8.012152300487422,180000.0
sweep_c40_seed11,c40,kclear,kclear_tau06000,6000.0,11,645,0.2681739879414298,40,13.333333333333334,0.36015503875968996,184.375,360.0,4374.8756404089745,19,4.737989799850074,4.509038470049047,180000.0
sweep_c40_seed11,c40,both,both_tau06000,6000.0,11,645,0.821894918173988,21,7.0,0.20767811000369146,180.47619047619048,485.0,8048.327498948395,1,11.847863435385593,11.67659220637857,180000.0
sweep_c40_seed12,c40,kclear,kclear_tau00200,200.0,12,629,0.26842430665960076,24,8.0,0.2719263381028087,165.20833333333334,395.0,7434.842390256523,7,4.031378570099595,3.9971047443415664,180000.0
sweep_c40_seed12,c40,both,both_tau00200,200.0,12,629,1.6144762409468292,75,25.0,0.96767355590885,396.6,560.0,2387.477702379897,74,4.199579867361283,4.024578057601433,180000.0
sweep_c40_seed12,c40,kclear,kclear_tau12000,12000.0,12,629,0.2582670906200318,25,8.333333333333334,0.24273449920508747,149.8,395.0,6090.248957455919,4,4.702166397348498,4.6244296699812235,180000.0
sweep_c40_seed12,c40,both,both_tau12000,12000.0,12,629,0.8847995053877408,50,16.666666666666668,0.21914149443561212,173.6,525.0,3389.092346490353,7,13.487355076682064,13.223268447885768,180000.0
sweep_c40_seed12,c40,fourap,fourap_00.0mM,0.0,12,629,0.26842430665960076,24,8.0,0.2719263381028087,165.20833333333334,395.0,7434.842390256523,7,4.031378570099595,3.9971047443415664,180000.0
sweep_c40_seed12,c40,fourap,fourap_00.2mM,0.2,12,629,0.2708797032326444,41,13.666666666666666,0.3070689053472411,157.6829268292683,295.0,3696.9599994942155,14,4.033932932363333,3.997132571202874,180000.0
sweep_c40_seed12,c40,fourap,fourap_00.5mM,0.5,12,629,0.26916622504857796,41,13.666666666666666,0.2830276474465857,156.34146341463415,330.0,4130.316249451239,13,4.031019229751492,3.9970783895275286,180000.0
sweep_c40_seed12,c40,fourap,fourap_01.0mM,1.0,12,629,0.2688394276629571,33,11.0,0.24757912993207107,145.6060606060606,260.0,5002.393749353271,6,4.035773924396416,3.9970273072256637,180000.0
sweep_c40_seed12,c40,fourap,fourap_02.0mM,2.0,12,629,0.2706323971029853,38,12.666666666666666,0.34557777591833316,189.8684210526316,370.0,4476.696621001978,18,4.035046554105781,3.99703428698349,180000.0
sweep_c40_seed12,c40,fourap,fourap_04.0mM,4.0,12,629,0.270084790673026,40,13.333333333333334,0.31677265500794916,166.625,335.0,3777.689743134907,16,4.0419350040988276,3.9969974602693337,180000.0
sweep_c40_seed12,c40,fourap,fourap_09.0mM,9.0,12,629,0.26877760113054233,29,9.666666666666666,0.3023408804341867,156.89655172413794,280.0,5493.238392139419,12,4.031060569000641,3.9969529011354057,180000.0
sweep_c40_seed12,c40,sahp,sahp_s0.00,0.0,12,629,0.26842430665960076,24,8.0,0.2719263381028087,165.20833333333334,395.0,7434.842390256523,7,4.031378570099595,3.9971047443415664,180000.0
sweep_c40_seed12,c40,kclear,kclear_tau00500,500.0,12,629,0.26838897721250665,30,10.0,0.2768945416004239,158.0,360.0,5544.1189647696565,8,4.087958369037038,3.9930732745479722,180000.0
sweep_c40_seed12,c40,sahp,sahp_s0.25,0.25,12,629,0.3613407525172231,55,18.333333333333332,0.28053186876716285,135.27272727272728,360.0,3247.7675921487216,16,4.049114753592713,3.998794977244412,180000.0
sweep_c40_seed12,c40,sahp,sahp_s0.50,0.5,12,629,0.5308779367602897,81,27.0,0.4524720799230603,213.39506172839506,485.0,2220.1018746976424,50,4.089082018363537,4.001750139952533,180000.0
sweep_c40_seed12,c40,sahp,sahp_s0.75,0.75,12,629,0.8973502914679384,69,23.0,0.8036220363586093,314.2028985507246,590.0,2587.863602592435,59,4.151493458091101,4.008073581371359,180000.0
sweep_c40_seed12,c40,sahp,sahp_s1.00,1.0,12,629,1.6144762409468292,75,25.0,0.96767355590885,396.6,560.0,2387.477702379897,74,4.199579867361283,4.024578057601433,180000.0
sweep_c40_seed12,c40,both,both_tau00500,500.0,12,629,1.606447624094683,78,26.0,0.9463739757857405,388.5897435897436,995.0,2291.450649042455,75,4.723297042685286,4.067741172841912,180000.0
sweep_c40_seed12,c40,kclear,kclear_tau01000,1000.0,12,629,0.27042925278219393,41,13.666666666666666,0.3261855830005041,185.97560975609755,385.0,4326.813749405848,19,4.234316556399961,3.9872738415262794,180000.0
sweep_c40_seed12,c40,both,both_tau01000,1000.0,12,629,1.106597774244833,134,44.666666666666664,0.588638682580737,436.4925373134328,975.0,1341.260338164628,111,5.228876771757996,4.931455099917261,180000.0
sweep_c40_seed12,c40,kclear,kclear_tau02500,2500.0,12,629,0.270791379614909,39,13.0,0.326647914883209,171.66666666666666,330.0,4563.428946739809,17,4.424937072423685,3.9712972029212503,180000.0
sweep_c40_seed12,c40,both,both_tau02500,2500.0,12,629,0.929093799682035,60,20.0,0.2647323794382618,199.41666666666666,440.0,2927.7847453683376,16,7.475662042898566,7.4048974454543055,180000.0
sweep_c40_seed12,c40,kclear,kclear_tau06000,6000.0,12,629,0.2617205440734853,26,8.666666666666666,0.20086828910358323,111.53846153846153,210.0,6710.31199906371,1,4.532082183506555,4.205717610262223,180000.0
sweep_c40_seed12,c40,both,both_tau06000,6000.0,12,629,0.8855149266913972,33,11.0,0.25413113648407765,197.12121212121212,330.0,5257.749218062909,6,10.688043137796265,10.544560932212894,180000.0
sweep_c40_seed13,c40,kclear,kclear_tau00200,200.0,13,673,0.27366683176490014,29,9.666666666666666,0.3570733206947789,172.41379310344828,375.0,6251.342856279781,13,4.060593522660521,3.9971763937695766,180000.0
sweep_c40_seed13,c40,both,both_tau00200,200.0,13,673,1.664503879808486,79,26.333333333333332,0.9407339138939567,403.7974683544304,590.0,2284.660256101096,74,4.249974891942925,4.031151259040805,180000.0
sweep_c40_seed13,c40,kclear,kclear_tau12000,12000.0,13,673,0.25700842000990587,39,13.0,0.26776393492589623,175.76923076923077,360.0,4547.338815166507,9,4.9699060266090616,4.891130074646935,180000.0
sweep_c40_seed13,c40,both,both_tau12000,12000.0,13,673,0.8279346210995543,36,12.0,0.20360739640085854,176.80555555555554,475.0,4924.304285026014,2,14.792393850566379,14.499763370201224,180000.0
sweep_c40_seed13,c40,fourap,fourap_00.0mM,0.0,13,673,0.27366683176490014,29,9.666666666666666,0.3570733206947789,172.41379310344828,375.0,6251.342856279781,13,4.060593522660521,3.9971763937695766,180000.0
sweep_c40_seed13,c40,fourap,fourap_00.2mM,0.2,13,673,0.2732293214462605,38,12.666666666666666,0.3139907718776882,174.21052631578948,440.0,4729.925675022704,15,4.030236382300981,3.9971573332325843,180000.0
sweep_c40_seed13,c40,fourap,fourap_00.5mM,0.5,13,673,0.26985306257223046,24,8.0,0.25910104011887075,124.375,275.0,7190.331520786684,6,4.051235012181576,3.99708511988404,180000.0
sweep_c40_seed13,c40,fourap,fourap_01.0mM,1.0,13,673,0.2689450222882615,25,8.333333333333334,0.23286775631500742,122.2,260.0,7144.140624028126,3,4.033405772205349,3.9970358478689363,180000.0
sweep_c40_seed13,c40,fourap,fourap_02.0mM,2.0,13,673,0.2720075945187386,35,11.666666666666666,0.26402037783909993,152.57142857142858,475.0,5141.356616936907,10,4.047780411070644,3.997041406562243,180000.0
sweep_c40_seed13,c40,fourap,fourap_04.0mM,4.0,13,673,0.27296516427274226,32,10.666666666666666,0.33232726597325407,166.875,390.0,5472.090321842158,11,4.039210373363219,3.9970412323479105,180000.0
sweep_c40_seed13,c40,fourap,fourap_09.0mM,9.0,13,673,0.2706125144460954,27,9.0,0.28083209509658247,168.33333333333334,320.0,6507.194229892454,9,4.03702259853646,3.9969777352761544,180000.0
sweep_c40_seed13,c40,sahp,sahp_s0.00,0.0,13,673,0.27366683176490014,29,9.666666666666666,0.3570733206947789,172.41379310344828,375.0,6251.342856279781,13,4.060593522660521,3.9971763937695766,180000.0
sweep_c40_seed13,c40,kclear,kclear_tau00500,500.0,13,673,0.2736915964999174,34,11.333333333333334,0.3449873262826676,179.85294117647058,395.0,5070.084847807406,12,4.110006743815332,3.993350093315003,180000.0
sweep_c40_seed13,c40,sahp,sahp_s0.25,0.25,13,673,0.37325408618127787,57,19.0,0.3822371679570397,202.10526315789474,505.0,3146.1058031400107,24,4.0867186138789,3.9989547810307915,180000.0
sweep_c40_seed13,c40,sahp,sahp_s0.50,0.5,13,673,0.5584612844642562,63,21.0,0.5319229227104414,218.73015873015873,510.0,2864.370160900396,41,4.125161264301641,4.002169457893573,180000.0
sweep_c40_seed13,c40,sahp,sahp_s0.75,0.75,13,673,0.9325078421660887,66,22.0,0.8192624611643927,314.54545454545456,570.0,2709.7530765583333,59,4.165238742775911,4.009641755883317,180000.0
sweep_c40_seed13,c40,sahp,sahp_s1.00,1.0,13,673,1.664503879808486,79,26.333333333333332,0.9407339138939567,403.7974683544304,590.0,2284.660256101096,74,4.249974891942925,4.031151259040805,180000.0
sweep_c40_seed13,c40,both,both_tau00500,500.0,13,673,1.6493313521545319,76,25.333333333333332,0.9795886447172909,393.2894736842105,1320.0,2354.077999683094,75,4.819310055393946,4.085906489332235,180000.0
sweep_c40_seed13,c40,kclear,kclear_tau01000,1000.0,13,673,0.2728661053326729,28,9.333333333333334,0.3007323285926555,163.03571428571428,335.0,6482.185184290698,8,4.289951735200101,3.987596442922198,180000.0
sweep_c40_seed13,c40,both,both_tau01000,1000.0,13,673,1.0804606240713224,145,48.333333333333336,0.5432802172465031,453.3103448275862,1035.0,1230.0861109455961,110,5.387735119096872,5.059828998661043,180000.0
sweep_c40_seed13,c40,kclear,kclear_tau02500,2500.0,13,673,0.27598646194485715,40,13.333333333333334,0.33540118870728086,186.75,370.0,4486.093589124095,19,4.519760231715616,3.973389857264576,180000.0
sweep_c40_seed13,c40,both,both_tau02500,2500.0,13,673,0.8903995377249463,23,7.666666666666667,0.28309322307642615,226.52173913043478,470.0,7362.594317111733,7,7.9139688264935995,7.828483966459375,180000.0
sweep_c40_seed13,c40,kclear,kclear_tau06000,6000.0,13,673,0.2617880138682516,26,8.666666666666666,0.27506000685792664,160.76923076923077,295.0,4384.484999641324,10,4.655141357516701,4.383360058854036,180000.0
sweep_c40_seed13,c40,both,both_tau06000,6000.0,13,673,0.8320125474657422,28,9.333333333333334,0.20139036298025897,171.96428571428572,415.0,6413.037036176695,1,11.574705006748589,11.412089387386436,180000.0
sweep_c40_seed14,c40,kclear,kclear_tau00200,200.0,14,918,0.3521786492374728,23,7.666666666666667,0.9009661835748792,152.17391304347825,220.0,7717.488635318377,23,4.1469341915764515,3.9992488508178528,180000.0
sweep_c40_seed14,c40,both,both_tau00200,200.0,14,918,1.753879206003389,77,25.666666666666668,0.9379792320968793,504.4805194805195,710.0,2351.1434207346497,72,4.41228749855688,4.077780077967533,180000.0
sweep_c40_seed14,c40,kclear,kclear_tau12000,12000.0,14,918,0.24228395061728397,22,7.333333333333333,0.35284214695979405,143.86363636363637,215.0,8036.473808398038,11,7.412200123336831,7.182580725873987,180000.0
sweep_c40_seed14,c40,both,both_tau12000,12000.0,14,918,0.7128116678770273,3,1.0,0.15468409586056645,146.66666666666666,190.0,42910.34999000915,0,17.64566615423592,17.279419847452964,180000.0
sweep_c40_seed14,c40,fourap,fourap_00.0mM,0.0,14,918,0.3521786492374728,23,7.666666666666667,0.9009661835748792,152.17391304347825,220.0,7717.488635318377,23,4.1469341915764515,3.9992488508178528,180000.0
sweep_c40_seed14,c40,fourap,fourap_00.2mM,0.2,14,918,0.3495521665456306,23,7.666666666666667,0.9095386947049352,150.0,225.0,7628.653408067728,23,4.143274640851765,3.9994197053737897,180000.0
sweep_c40_seed14,c40,fourap,fourap_00.5mM,0.5,14,918,0.3521544420237231,23,7.666666666666667,0.9110542767831769,152.82608695652175,205.0,7723.3477262281785,23,4.141281240304585,3.99929357127527,180000.0
sweep_c40_seed14,c40,fourap,fourap_01.0mM,1.0,14,918,0.36167998063422896,24,8.0,0.9242919389978214,155.83333333333334,275.0,7593.4228250405,24,4.142208956176393,3.9995116374250976,180000.0
sweep_c40_seed14,c40,fourap,fourap_02.0mM,2.0,14,918,0.3526930525296538,23,7.666666666666667,0.9260206498058162,156.30434782608697,245.0,7658.4681807896595,23,4.1465933816520595,3.9993186571069286,180000.0
sweep_c40_seed14,c40,fourap,fourap_04.0mM,4.0,14,918,0.3533829581215202,23,7.666666666666667,0.9241261722080137,153.91304347826087,205.0,7767.652271671642,23,4.145396784484531,3.999247480472519,180000.0
sweep_c40_seed14,c40,fourap,fourap_09.0mM,9.0,14,918,0.35461752602275476,23,7.666666666666667,0.9218527990906505,150.43478260869566,180.0,7727.046589862401,23,4.145964968380553,3.999297951431835,180000.0
sweep_c40_seed14,c40,sahp,sahp_s0.00,0.0,14,918,0.3521786492374728,23,7.666666666666667,0.9009661835748792,152.17391304347825,220.0,7717.488635318377,23,4.1469341915764515,3.9992488508178528,180000.0
sweep_c40_seed14,c40,kclear,kclear_tau00500,500.0,14,918,0.35145243282498184,23,7.666666666666667,0.9165008998768589,153.2608695652174,210.0,7658.4227262413715,23,4.291823952750094,3.9997196834676876,180000.0
sweep_c40_seed14,c40,sahp,sahp_s0.25,0.25,14,918,0.47258533042846773,29,9.666666666666666,0.9486139283299526,167.41379310344828,265.0,6155.8874991688435,29,4.181583844163502,4.003946922053173,180000.0
sweep_c40_seed14,c40,sahp,sahp_s0.50,0.5,14,918,0.678637133865892,39,13.0,0.9523210993799228,206.02564102564102,305.0,4625.971052004554,38,4.226831397088212,4.013103097843913,180000.0
sweep_c40_seed14,c40,sahp,sahp_s0.75,0.75,14,918,1.0318385378842896,53,17.666666666666668,0.959571669338595,308.58490566037733,460.0,3416.8288456892524,51,4.2934700794615415,4.032313460941598,180000.0
sweep_c40_seed14,c40,sahp,sahp_s1.00,1.0,14,918,1.753879206003389,77,25.666666666666668,0.9379792320968793,504.4805194805195,710.0,2351.1434207346497,72,4.41228749855688,4.077780077967533,180000.0
sweep_c40_seed14,c40,both,both_tau00500,500.0,14,918,1.7227487291212782,78,26.0,0.9580191050779285,386.34615384615387,590.0,2313.4305191687085,75,5.137023233061361,4.221575480006651,180000.0
sweep_c40_seed14,c40,kclear,kclear_tau01000,1000.0,14,918,0.35385499878963933,24,8.0,0.8982389251997095,153.95833333333334,235.0,7352.5945642232455,23,4.6575863489793266,4.0011517248265225,180000.0
sweep_c40_seed14,c40,both,both_tau01000,1000.0,14,918,1.0005446623093681,30,10.0,0.5482207697893972,359.3333333333333,585.0,6165.0741370975675,27,5.8366887921963455,5.492731565611454,180000.0
sweep_c40_seed14,c40,kclear,kclear_tau02500,2500.0,14,918,0.3518094892277899,23,7.666666666666667,0.9058444633892203,164.34782608695653,275.0,7841.393180740851,23,5.078240293030677,4.125709440333125,180000.0
sweep_c40_seed14,c40,both,both_tau02500,2500.0,14,918,0.7692689421447592,13,4.333333333333333,0.12627786157197923,100.38461538461539,140.0,9494.912499156066,0,9.115746918578747,9.023228012591407,180000.0
sweep_c40_seed14,c40,kclear,kclear_tau06000,6000.0,14,918,0.2523480997337207,22,7.333333333333333,0.30996236878589817,131.8181818181818,240.0,7671.324998918106,7,5.9596674157547795,5.731481962178104,180000.0
sweep_c40_seed14,c40,both,both_tau06000,6000.0,14,918,0.7194081336238198,4,1.3333333333333333,0.1503267973856209,135.0,170.0,45544.30832820539,0,13.646711812643677,13.448467567128281,180000.0
sweep_c40_seed15,c40,kclear,kclear_tau00200,200.0,15,748,0.2859031491384432,42,14.0,0.48398905016552085,196.54761904761904,410.0,4211.879267716458,29,4.071937130440272,3.9974196447659236,180000.0
sweep_c40_seed15,c40,both,both_tau00200,200.0,15,748,1.7058600713012477,71,23.666666666666668,0.9969872712209087,416.3380281690141,550.0,2538.1010710841792,71,4.308196302563886,4.043778900270766,180000.0
sweep_c40_seed15,c40,kclear,kclear_tau12000,12000.0,15,748,0.26037581699346407,42,14.0,0.3588617265087854,197.38095238095238,390.0,4225.412194541227,19,5.4093756324989695,5.317023661643494,180000.0
sweep_c40_seed15,c40,both,both_tau12000,12000.0,15,748,0.795016339869281,6,2.0,0.1691176470588235,142.5,290.0,33905.029995216304,0,15.518961078991843,15.198071464350486,180000.0
sweep_c40_seed15,c40,fourap,fourap_00.0mM,0.0,15,748,0.2859031491384432,42,14.0,0.48398905016552085,196.54761904761904,410.0,4211.879267716458,29,4.071937130440272,3.9974196447659236,180000.0
sweep_c40_seed15,c40,fourap,fourap_00.2mM,0.2,15,748,0.27965686274509804,35,11.666666666666666,0.3456455309396486,141.0,290.0,5058.043381664396,14,4.06837808147045,3.9972716623743385,180000.0
sweep_c40_seed15,c40,fourap,fourap_00.5mM,0.5,15,748,0.2774881164587047,29,9.666666666666666,0.359026369168357,156.72413793103448,340.0,6160.530356299257,13,4.0583044858234345,3.997214147169632,180000.0
sweep_c40_seed15,c40,fourap,fourap_01.0mM,1.0,15,748,0.2805926916221034,32,10.666666666666666,0.3573278743315508,158.75,380.0,5610.56290245395,14,4.055682629977761,3.9972315311463618,180000.0
sweep_c40_seed15,c40,fourap,fourap_02.0mM,2.0,15,748,0.2797385620915033,31,10.333333333333334,0.3676901845782301,148.2258064516129,375.0,5735.268332550279,13,4.053649372065022,3.9971824971083647,180000.0
sweep_c40_seed15,c40,fourap,fourap_04.0mM,4.0,15,748,0.27729500891265596,32,10.666666666666666,0.31972760695187163,141.25,355.0,5572.503225043344,9,4.06313110258553,3.997110066757969,180000.0
sweep_c40_seed15,c40,fourap,fourap_09.0mM,9.0,15,748,0.28008764111705287,37,12.333333333333334,0.417582020523197,191.35135135135135,360.0,4779.077082681998,24,4.0527855429947515,3.997132210930393,180000.0
sweep_c40_seed15,c40,sahp,sahp_s0.00,0.0,15,748,0.2859031491384432,42,14.0,0.48398905016552085,196.54761904761904,410.0,4211.879267716458,29,4.071937130440272,3.9974196447659236,180000.0
sweep_c40_seed15,c40,kclear,kclear_tau00500,500.0,15,748,0.2750222816399287,36,12.0,0.27606951871657753,130.0,255.0,4905.11214218809,10,4.146823299014431,3.9935293985261557,180000.0
sweep_c40_seed15,c40,sahp,sahp_s0.25,0.25,15,748,0.3936051693404634,46,15.333333333333334,0.4817193675889329,170.2173913043478,410.0,3852.393332811619,26,4.121324618308259,3.9992923591682983,180000.0
sweep_c40_seed15,c40,sahp,sahp_s0.50,0.5,15,748,0.626284907902555,59,19.666666666666668,0.6746125260581891,228.72881355932202,490.0,3037.3866375196535,44,4.159408063369809,4.003319514712646,180000.0
sweep_c40_seed15,c40,sahp,sahp_s0.75,0.75,15,748,0.9974376114081996,50,16.666666666666668,0.990614973262032,293.8,460.0,3566.5137750321283,50,4.208784027200999,4.014106699029363,180000.0
sweep_c40_seed15,c40,sahp,sahp_s1.00,1.0,15,748,1.7058600713012477,71,23.666666666666668,0.9969872712209087,416.3380281690141,550.0,2538.1010710841792,71,4.308196302563886,4.043778900270766,180000.0
sweep_c40_seed15,c40,both,both_tau00500,500.0,15,748,1.6811497326203209,71,23.666666666666668,0.995895157038488,400.14084507042253,2370.0,2504.2774996609496,71,4.921614457596171,4.121678098038382,180000.0
sweep_c40_seed15,c40,kclear,kclear_tau01000,1000.0,15,748,0.2801099227569816,37,12.333333333333334,0.36587657175892463,158.3783783783784,340.0,4747.45972157611,16,4.375507792149133,3.988771235553732,180000.0
sweep_c40_seed15,c40,both,both_tau01000,1000.0,15,748,1.078817587641117,130,43.333333333333336,0.5955265322912382,446.84615384615387,775.0,1378.0406974884397,105,5.511114552323974,5.188037495928183,180000.0
sweep_c40_seed15,c40,kclear,kclear_tau02500,2500.0,15,748,0.28169934640522876,39,13.0,0.3731317701905937,166.02564102564102,375.0,4373.065788890405,20,4.650649479932227,3.976787250137627,180000.0
sweep_c40_seed15,c40,both,both_tau02500,2500.0,15,748,0.8487745098039216,20,6.666666666666667,0.23830213903743308,190.0,295.0,9205.589472422163,1,8.306877835231948,8.223585975508016,180000.0
sweep_c40_seed15,c40,kclear,kclear_tau06000,6000.0,15,748,0.2643865121806298,42,14.0,0.31904125286478224,164.88095238095238,355.0,4208.193901862844,17,4.821361683211664,4.633147934021635,180000.0
sweep_c40_seed15,c40,both,both_tau06000,6000.0,15,748,0.7993686868686868,11,3.6666666666666665,0.1807243558580457,163.63636363636363,365.0,17109.40749769085,1,12.099480587322608,11.928439243153253,180000.0
sweep_c40_seed16,c40,kclear,kclear_tau00200,200.0,16,771,0.28798818273526444,27,9.0,0.4331075563241581,138.88888888888889,270.0,6049.313460768001,14,4.07682781400304,3.9974216740077253,180000.0
sweep_c40_seed16,c40,both,both_tau00200,200.0,16,771,1.6274463179132441,86,28.666666666666668,0.8691822761137757,516.8604651162791,1175.0,2083.1558820707683,73,4.255237204545703,4.044666611377784,180000.0
sweep_c40_seed16,c40,kclear,kclear_tau12000,12000.0,16,771,0.2559951001585243,35,11.666666666666666,0.29983324068927186,174.85714285714286,335.0,5072.991175774357,13,5.310247583080995,5.226621711873506,180000.0
sweep_c40_seed16,c40,both,both_tau12000,12000.0,16,771,0.8607652399481194,38,12.666666666666666,0.20486040002730566,166.31578947368422,405.0,4697.745945309567,3,14.292101646705214,14.005662367088348,180000.0
sweep_c40_seed16,c40,fourap,fourap_00.0mM,0.0,16,771,0.28798818273526444,27,9.0,0.4331075563241581,138.88888888888889,270.0,6049.313460768001,14,4.07682781400304,3.9974216740077253,180000.0
sweep_c40_seed16,c40,fourap,fourap_00.2mM,0.2,16,771,0.2872748234615939,23,7.666666666666667,0.5054982236508205,154.34782608695653,305.0,7435.011362659938,16,4.0796343547598575,3.997371549926214,180000.0
sweep_c40_seed16,c40,fourap,fourap_00.5mM,0.5,16,771,0.28816111831676033,24,8.0,0.483895373973195,151.25,285.0,7339.216303360336,16,4.089875283868681,3.997365036405019,180000.0
sweep_c40_seed16,c40,fourap,fourap_01.0mM,1.0,16,771,0.28731085170773885,26,8.666666666666666,0.48453556819315574,166.92307692307693,265.0,6768.655999087873,19,4.089642453549709,3.9973145041783265,180000.0
sweep_c40_seed16,c40,fourap,fourap_02.0mM,2.0,16,771,0.287130710477014,27,9.0,0.4369505692462891,127.5925925925926,250.0,6645.875960629028,15,4.082436333038642,3.9972782419619275,180000.0
sweep_c40_seed16,c40,fourap,fourap_04.0mM,4.0,16,771,0.2924052457126387,25,8.333333333333334,0.5522697795071335,159.6,240.0,7044.91874905086,21,4.084936737980725,3.9973225712050358,180000.0
sweep_c40_seed16,c40,fourap,fourap_09.0mM,9.0,16,771,0.283888168323966,22,7.333333333333333,0.47812757929489447,174.0909090909091,345.0,8169.442856030065,14,4.068853730597174,3.997174923958516,180000.0
sweep_c40_seed16,c40,sahp,sahp_s0.00,0.0,16,771,0.28798818273526444,27,9.0,0.4331075563241581,138.88888888888889,270.0,6049.313460768001,14,4.07682781400304,3.9974216740077253,180000.0
sweep_c40_seed16,c40,kclear,kclear_tau00500,500.0,16,771,0.2873973194984868,28,9.333333333333334,0.4398276820455808,150.35714285714286,265.0,6398.038888012438,15,4.136960487415714,3.9939308802249234,180000.0
sweep_c40_seed16,c40,sahp,sahp_s0.25,0.25,16,771,0.42585386943363596,28,9.333333333333334,0.8479710950528071,193.03571428571428,285.0,6462.377776898861,28,4.11656141912443,3.9999026641819726,180000.0
sweep_c40_seed16,c40,sahp,sahp_s0.50,0.5,16,771,0.6109742037757602,37,12.333333333333334,0.8913660742454516,230.40540540540542,470.0,4797.486804914414,36,4.143373366023321,4.004281578848668,180000.0
sweep_c40_seed16,c40,sahp,sahp_s0.75,0.75,16,771,0.9395806312148725,59,19.666666666666668,0.845105410099145,284.23728813559325,500.0,3021.6922409728886,50,4.184531284914431,4.015401743811743,180000.0
sweep_c40_seed16,c40,sahp,sahp_s1.00,1.0,16,771,1.6274463179132441,86,28.666666666666668,0.8691822761137757,516.8604651162791,1175.0,2083.1558820707683,73,4.255237204545703,4.044666611377784,180000.0
sweep_c40_seed16,c40,both,both_tau00500,500.0,16,771,1.607911802853437,82,27.333333333333332,0.9223687956723925,479.8170731707317,880.0,2184.012962669946,75,4.804683175832487,4.124838932320464,180000.0
sweep_c40_seed16,c40,kclear,kclear_tau01000,1000.0,16,771,0.29007061536244416,24,8.0,0.5016753134457415,160.0,260.0,7571.252172870184,15,4.336884579930548,3.9891681293089083,180000.0
sweep_c40_seed16,c40,both,both_tau01000,1000.0,16,771,1.0573713791612624,138,46.0,0.43786537340927467,345.4710144927536,1030.0,1295.112043619693,85,5.356417423341836,5.091934132260521,180000.0
sweep_c40_seed16,c40,kclear,kclear_tau02500,2500.0,16,771,0.2888312436950569,26,8.666666666666666,0.4697695300808141,148.07692307692307,235.0,6700.901999100761,16,4.582362683476617,3.9936214751997507,180000.0
sweep_c40_seed16,c40,both,both_tau02500,2500.0,16,771,0.8889753566796369,44,14.666666666666666,0.2304563141139016,197.95454545454547,480.0,4034.7930227073025,8,7.9089332015641585,7.828387404849294,180000.0
sweep_c40_seed16,c40,kclear,kclear_tau06000,6000.0,16,771,0.26253782965845224,29,9.666666666666666,0.3354353951428954,181.89655172413794,320.0,6031.1857134711445,13,4.718676430086643,4.55330913957136,180000.0
sweep_c40_seed16,c40,both,both_tau06000,6000.0,16,771,0.8577388672719412,35,11.666666666666666,0.2539188438021123,217.0,470.0,5022.594852279963,5,11.298693400600362,11.139640412080755,180000.0
sweep_c40_seed17,c40,kclear,kclear_tau00200,200.0,17,894,0.34112602535421327,27,9.0,0.7348579004059991,173.14814814814815,255.0,6724.150960611091,22,4.141767932872747,3.9982916165069975,180000.0
sweep_c40_seed17,c40,both,both_tau00200,200.0,17,894,1.7538342033308476,73,24.333333333333332,0.9849223131378138,555.1369863013699,730.0,2455.0427080041636,72,4.421704224168049,4.069860250148692,180000.0
sweep_c40_seed17,c40,kclear,kclear_tau12000,12000.0,17,894,0.2507519264230674,36,12.0,0.358936117325379,173.19444444444446,330.0,4866.93642790956,18,6.717360034696469,6.548550451601774,180000.0
sweep_c40_seed17,c40,both,both_tau12000,12000.0,17,894,0.679349987571464,7,2.3333333333333335,0.13870246085011187,124.28571428571429,190.0,23796.612497264767,0,18.522022820622425,18.142262648255567,180000.0
sweep_c40_seed17,c40,fourap,fourap_00.0mM,0.0,17,894,0.34112602535421327,27,9.0,0.7348579004059991,173.14814814814815,255.0,6724.150960611091,22,4.141767932872747,3.9982916165069975,180000.0
sweep_c40_seed17,c40,fourap,fourap_00.2mM,0.2,17,894,0.3351913994531444,29,9.666666666666666,0.7326236210753683,202.58620689655172,400.0,6028.046427759854,24,4.1329118702433245,3.998198862344965,180000.0
sweep_c40_seed17,c40,fourap,fourap_00.5mM,0.5,17,894,0.33496147153865274,26,8.666666666666666,0.7752968508002064,196.53846153846155,400.0,6948.289999046321,24,4.132004284458247,3.9981218840045454,180000.0
sweep_c40_seed17,c40,fourap,fourap_01.0mM,1.0,17,894,0.32871613223962215,28,9.333333333333334,0.6775727069351232,179.64285714285714,270.0,6304.37499914625,20,4.1342768192404336,3.9980004921989805,180000.0
sweep_c40_seed17,c40,fourap,fourap_02.0mM,2.0,17,894,0.33851603281133485,33,11.0,0.6442953020134229,177.12121212121212,280.0,5445.375780503379,23,4.131136978522225,3.998139068208499,180000.0
sweep_c40_seed17,c40,fourap,fourap_04.0mM,4.0,17,894,0.33738503604275416,26,8.666666666666666,0.7715109275511961,196.34615384615384,320.0,6837.805999068761,23,4.129140780796721,3.9980635818834256,180000.0
sweep_c40_seed17,c40,fourap,fourap_09.0mM,9.0,17,894,0.3366828237633607,28,9.333333333333334,0.7664589325663151,198.92857142857142,340.0,6294.812962109622,23,4.134181098775467,3.9980591513269115,180000.0
sweep_c40_seed17,c40,sahp,sahp_s0.00,0.0,17,894,0.34112602535421327,27,9.0,0.7348579004059991,173.14814814814815,255.0,6724.150960611091,22,4.141767932872747,3.9982916165069975,180000.0
sweep_c40_seed17,c40,kclear,kclear_tau00500,500.0,17,894,0.32713770817797666,34,11.333333333333334,0.5748782734570339,164.55882352941177,455.0,5128.242423550299,21,4.2394630545885095,3.9958510200989608,180000.0
sweep_c40_seed17,c40,sahp,sahp_s0.25,0.25,17,894,0.4917971662938106,35,11.666666666666666,0.8274528603387662,179.14285714285714,335.0,5142.126469888238,29,4.167227455908842,4.001681092035298,180000.0
sweep_c40_seed17,c40,sahp,sahp_s0.50,0.5,17,894,0.6985272184936614,39,13.0,0.9698847014283254,231.15384615384616,370.0,4579.886183594825,38,4.206259465260723,4.009238059757433,180000.0
sweep_c40_seed17,c40,sahp,sahp_s0.75,0.75,17,894,1.0499565001242854,51,17.0,0.9970171513795675,324.2156862745098,545.0,3510.369999526715,51,4.275603287233203,4.02675554989804,180000.0
sweep_c40_seed17,c40,sahp,sahp_s1.00,1.0,17,894,1.7538342033308476,73,24.333333333333332,0.9849223131378138,555.1369863013699,730.0,2455.0427080041636,72,4.421704224168049,4.069860250148692,180000.0
sweep_c40_seed17,c40,both,both_tau00500,500.0,17,894,1.7349863286104898,78,26.0,0.9593873687833422,427.43589743589746,750.0,2303.6519477425395,75,5.2049371432370215,4.199762100813869,180000.0
sweep_c40_seed17,c40,kclear,kclear_tau01000,1000.0,17,894,0.32795177728063635,34,11.333333333333334,0.566587708909067,165.14705882352942,485.0,5252.956059882488,19,4.575014276816796,3.9937909015563635,180000.0
sweep_c40_seed17,c40,both,both_tau01000,1000.0,17,894,1.0538404175988068,116,38.666666666666664,0.6006229267916379,411.76724137931035,870.0,1545.443695443755,94,5.943051026101603,5.472041454730165,180000.0
sweep_c40_seed17,c40,kclear,kclear_tau02500,2500.0,17,894,0.34125031071339795,33,11.0,0.6396854450545726,166.36363636363637,310.0,5450.335155496272,23,4.981408246493145,3.992316177307979,180000.0
sweep_c40_seed17,c40,both,both_tau02500,2500.0,17,894,0.7393860303256277,21,7.0,0.16714605305209332,142.85714285714286,235.0,8782.993748795709,0,9.501170683803569,9.402121001558747,180000.0
sweep_c40_seed17,c40,kclear,kclear_tau06000,6000.0,17,894,0.26128511061396964,36,12.0,0.386558538404176,178.19444444444446,400.0,4922.382142182382,20,5.52662406289867,5.368382707209673,180000.0
sweep_c40_seed17,c40,both,both_tau06000,6000.0,17,894,0.6835943325876213,1,0.3333333333333333,0.14317673378076062,120.0,120.0,nan,0,14.289653684087838,14.085676431832674,180000.0
sweep_c40_seed18,c40,kclear,kclear_tau00200,200.0,18,732,0.30061475409836064,40,13.333333333333334,0.39702868852459017,124.875,250.0,4409.457691707359,19,4.100774748124097,3.997649044303491,180000.0
sweep_c40_seed18,c40,both,both_tau00200,200.0,18,732,1.6868017607771706,75,25.0,0.9640619307832423,492.0,805.0,2410.5760131878947,73,4.330899028085505,4.053915509924592,180000.0
sweep_c40_seed18,c40,kclear,kclear_tau12000,12000.0,18,732,0.25397692774741953,37,12.333333333333334,0.3045340422389604,162.02702702702703,345.0,4831.083332667007,14,5.849142361784445,5.747051920702041,180000.0
sweep_c40_seed18,c40,both,both_tau12000,12000.0,18,732,0.7787416514875531,7,2.3333333333333335,0.1557377049180328,130.71428571428572,240.0,15532.304163947432,0,16.03680709967213,15.689209723656134,180000.0
sweep_c40_seed18,c40,fourap,fourap_00.0mM,0.0,18,732,0.30061475409836064,40,13.333333333333334,0.39702868852459017,124.875,250.0,4409.457691707359,19,4.100774748124097,3.997649044303491,180000.0
sweep_c40_seed18,c40,fourap,fourap_00.2mM,0.2,18,732,0.30715695203400123,34,11.333333333333334,0.4775393764063002,142.2058823529412,285.0,5271.915908366263,21,4.105687922174239,3.99772070446806,180000.0
sweep_c40_seed18,c40,fourap,fourap_00.5mM,0.5,18,732,0.3021857923497268,38,12.666666666666666,0.43503738855335056,139.73684210526315,280.0,4674.693242604242,23,4.09712305948575,3.99760212217107,180000.0
sweep_c40_seed18,c40,fourap,fourap_01.0mM,1.0,18,732,0.30229204614450517,37,12.333333333333334,0.4282602274405553,128.1081081081081,350.0,4828.649999336563,20,4.103117528735411,3.9975726705573016,180000.0
sweep_c40_seed18,c40,fourap,fourap_02.0mM,2.0,18,732,0.3046372191863995,38,12.666666666666666,0.4389200460166811,126.3157894736842,240.0,4707.63445881248,22,4.099748852481725,3.997562635529311,180000.0
sweep_c40_seed18,c40,fourap,fourap_04.0mM,4.0,18,732,0.30111566484517305,35,11.666666666666666,0.4724824355971897,141.0,240.0,4995.93014638446,24,4.099786958732072,3.9974808679921785,180000.0
sweep_c40_seed18,c40,fourap,fourap_09.0mM,9.0,18,732,0.2976168791742562,40,13.333333333333334,0.3902322404371585,126.625,215.0,4380.065384021206,20,4.091754863427763,3.997397631516286,180000.0
sweep_c40_seed18,c40,sahp,sahp_s0.00,0.0,18,732,0.30061475409836064,40,13.333333333333334,0.39702868852459017,124.875,250.0,4409.457691707359,19,4.100774748124097,3.997649044303491,180000.0
sweep_c40_seed18,c40,kclear,kclear_tau00500,500.0,18,732,0.31045840922890106,32,10.666666666666666,0.5170765027322404,142.5,285.0,5635.951612125241,22,4.181424103280432,3.99480616946814,180000.0
sweep_c40_seed18,c40,sahp,sahp_s0.25,0.25,18,732,0.4393594414086217,43,14.333333333333334,0.6265408565256068,157.4418604651163,335.0,4168.119047050846,39,4.138504513457279,4.000258101478638,180000.0
sweep_c40_seed18,c40,sahp,sahp_s0.50,0.5,18,732,0.6556542197935641,38,12.666666666666666,0.957830025884383,210.26315789473685,320.0,4715.90878314914,38,4.17509583453899,4.00610983314404,180000.0
sweep_c40_seed18,c40,sahp,sahp_s0.75,0.75,18,732,1.002034001214329,52,17.333333333333332,0.9581231609920136,282.88461538461536,420.0,3463.697058355034,51,4.2217145374668945,4.019274594608102,180000.0
sweep_c40_seed18,c40,sahp,sahp_s1.00,1.0,18,732,1.6868017607771706,75,25.0,0.9640619307832423,492.0,805.0,2410.5760131878947,73,4.330899028085505,4.053915509924592,180000.0
sweep_c40_seed18,c40,both,both_tau00500,500.0,18,732,1.6743624772313297,76,25.333333333333332,0.9836065573770493,367.5657894736842,620.0,2360.8879996826163,76,4.978695210448433,4.1496832947318945,180000.0
sweep_c40_seed18,c40,kclear,kclear_tau01000,1000.0,18,732,0.3041742562234365,34,11.333333333333334,0.46343619414979104,142.64705882352942,295.0,5261.778787156237,21,4.42765532360018,3.99099181276863,180000.0
sweep_c40_seed18,c40,both,both_tau01000,1000.0,18,732,1.0115057680631452,111,37.0,0.4074730468173091,305.31531531531533,960.0,1616.8579543273297,67,5.5870132424232235,5.273855118751595,180000.0
sweep_c40_seed18,c40,kclear,kclear_tau02500,2500.0,18,732,0.30486490588949605,34,11.333333333333334,0.5184426229508197,158.23529411764707,305.0,5239.182575039787,23,4.73274596099983,4.0002353153984025,180000.0
sweep_c40_seed18,c40,both,both_tau02500,2500.0,18,732,0.8185033394049788,8,2.6666666666666665,0.1637636612021858,133.75,195.0,19143.62142598125,0,8.511858530105073,8.426023135449004,180000.0
sweep_c40_seed18,c40,kclear,kclear_tau06000,6000.0,18,732,0.25950212507589554,23,7.666666666666667,0.3261463530529817,134.56521739130434,250.0,7806.788635296125,11,4.969250894060269,4.8824481831388455,180000.0
sweep_c40_seed18,c40,both,both_tau06000,6000.0,18,732,0.7795157862780814,4,1.3333333333333333,0.16290983606557374,121.25,190.0,37112.42499190938,0,12.514007945578339,12.33375219347218,180000.0
sweep_c40_seed19,c40,kclear,kclear_tau00200,200.0,19,831,0.33183580692605963,23,7.666666666666667,0.865431904986135,141.95652173913044,195.0,7594.447726262712,23,4.1195691566058175,3.998772413634291,180000.0
sweep_c40_seed19,c40,both,both_tau00200,200.0,19,831,1.710362347907474,82,27.333333333333332,0.8948079011476036,425.4268292682927,685.0,2205.9552466150853,73,4.374523789701337,4.062719728745024,180000.0
sweep_c40_seed19,c40,kclear,kclear_tau12000,12000.0,19,831,0.24992646075678565,35,11.666666666666666,0.3291043493209558,176.0,320.0,5094.733087536811,17,6.37829624217907,6.248339819211229,180000.0
sweep_c40_seed19,c40,both,both_tau12000,12000.0,19,831,0.7600615055488701,8,2.6666666666666665,0.16095066185318893,135.625,285.0,18821.628568049287,0,16.52989335616655,16.18435748460264,180000.0
sweep_c40_seed19,c40,fourap,fourap_00.0mM,0.0,19,831,0.33183580692605963,23,7.666666666666667,0.865431904986135,141.95652173913044,195.0,7594.447726262712,23,4.1195691566058175,3.998772413634291,180000.0
sweep_c40_seed19,c40,fourap,fourap_00.2mM,0.2,19,831,0.33241075010028076,23,7.666666666666667,0.8677863234447759,154.7826086956522,250.0,7654.982953522914,23,4.113593657857101,3.998706919535597,180000.0
sweep_c40_seed19,c40,fourap,fourap_00.5mM,0.5,19,831,0.3323438962428132,23,7.666666666666667,0.8495265002877623,141.08695652173913,240.0,7706.755680779848,23,4.118259386620421,3.998704493028698,180000.0
sweep_c40_seed19,c40,fourap,fourap_01.0mM,1.0,19,831,0.3315416499532023,23,7.666666666666667,0.8458117511641292,145.65217391304347,220.0,7738.256817135608,23,4.118303001295383,3.998645149249016,180000.0
sweep_c40_seed19,c40,fourap,fourap_02.0mM,2.0,19,831,0.33469046663992513,23,7.666666666666667,0.8402657876837754,147.17391304347825,220.0,7882.292044374908,23,4.115524804073769,3.998689242167827,180000.0
sweep_c40_seed19,c40,fourap,fourap_04.0mM,4.0,19,831,0.3322837277710924,23,7.666666666666667,0.8723381991314814,150.2173913043478,230.0,7653.902271704432,23,4.114131512437144,3.998563334737519,180000.0
sweep_c40_seed19,c40,fourap,fourap_09.0mM,9.0,19,831,0.3317288407541115,23,7.666666666666667,0.868780411238424,151.7391304347826,225.0,7679.652271699381,23,4.1149598924981685,3.9985779163896367,180000.0
sweep_c40_seed19,c40,sahp,sahp_s0.00,0.0,19,831,0.33183580692605963,23,7.666666666666667,0.865431904986135,141.95652173913044,195.0,7594.447726262712,23,4.1195691566058175,3.998772413634291,180000.0
sweep_c40_seed19,c40,kclear,kclear_tau00500,500.0,19,831,0.3299171012167402,23,7.666666666666667,0.8332025323078532,144.56521739130434,210.0,7732.553408044085,22,4.2445473421396365,3.99742057433529,180000.0
sweep_c40_seed19,c40,sahp,sahp_s0.25,0.25,19,831,0.4475264072736997,29,9.666666666666666,0.9100792564006807,157.58620689655172,250.0,6088.335713472066,29,4.151919338103305,4.002394494460852,180000.0
sweep_c40_seed19,c40,sahp,sahp_s0.50,0.5,19,831,0.6401657975665196,44,14.666666666666666,0.8335794770812822,195.22727272727272,400.0,4031.1936041103854,38,4.184465991268307,4.00941491186054,180000.0
sweep_c40_seed19,c40,sahp,sahp_s0.75,0.75,19,831,0.9920978740473326,53,17.666666666666668,0.9651022864019253,307.8301886792453,510.0,3382.517307236454,52,4.23749937207506,4.025577928152505,180000.0
sweep_c40_seed19,c40,sahp,sahp_s1.00,1.0,19,831,1.710362347907474,82,27.333333333333332,0.8948079011476036,425.4268292682927,685.0,2205.9552466150853,73,4.374523789701337,4.062719728745024,180000.0
sweep_c40_seed19,c40,both,both_tau00500,500.0,19,831,1.6907206845835003,76,25.333333333333332,0.9827094812844387,349.7368421052632,595.0,2382.727333011337,76,5.056555830969532,4.178254792430337,180000.0
sweep_c40_seed19,c40,kclear,kclear_tau01000,1000.0,19,831,0.3299304719882337,22,7.333333333333333,0.8420851110381794,149.0909090909091,220.0,7903.523808433696,22,4.5468482966405395,3.99690769001201,180000.0
sweep_c40_seed19,c40,both,both_tau01000,1000.0,19,831,0.9913357400722022,136,45.333333333333336,0.3401996177532385,252.90441176470588,715.0,1309.2259257468354,58,5.6981553282475454,5.42295951907406,180000.0
sweep_c40_seed19,c40,kclear,kclear_tau02500,2500.0,19,831,0.325952667468913,23,7.666666666666667,0.7777952179145085,161.52173913043478,340.0,7870.504544373791,22,4.894554030962016,4.068729018591146,180000.0
sweep_c40_seed19,c40,both,both_tau02500,2500.0,19,831,0.7968244417702901,19,6.333333333333333,0.15694470834125027,125.52631578947368,220.0,9574.658332044008,0,8.780361250700368,8.695464043700552,180000.0
sweep_c40_seed19,c40,kclear,kclear_tau06000,6000.0,19,831,0.25451932076480815,30,10.0,0.3125150421179302,143.66666666666666,305.0,5932.253447464786,10,5.532221026393025,5.369474532289866,180000.0
sweep_c40_seed19,c40,both,both_tau06000,6000.0,19,831,0.7580024067388689,7,2.3333333333333335,0.1308234485129792,105.71428571428571,135.0,24575.037496286182,0,12.898327630975272,12.722626920861373,180000.0
sweep_c40_seed20,c40,kclear,kclear_tau00200,200.0,20,811,0.30517879161528977,27,9.0,0.5806274832168791,152.22222222222223,270.0,6627.305768326619,21,4.0951895054704535,3.9976787659112225,180000.0
sweep_c40_seed20,c40,both,both_tau00200,200.0,20,811,1.661309768461433,76,25.333333333333332,0.9525115192420012,460.7894736842105,680.0,2349.726666348874,72,4.307254901127711,4.04980398442359,180000.0
sweep_c40_seed20,c40,kclear,kclear_tau12000,12000.0,20,811,0.25453486779010825,24,8.0,0.2948520345252775,132.29166666666666,280.0,7463.589129416953,9,5.4743556292233695,5.377094355997997,180000.0
sweep_c40_seed20,c40,both,both_tau12000,12000.0,20,811,0.8089121797506508,15,5.0,0.1414714344430744,106.66666666666667,200.0,11373.628569799288,0,15.16152885148975,14.851667108486742,180000.0
sweep_c40_seed20,c40,fourap,fourap_00.0mM,0.0,20,811,0.30517879161528977,27,9.0,0.5806274832168791,152.22222222222223,270.0,6627.305768326619,21,4.0951895054704535,3.9976787659112225,180000.0
sweep_c40_seed20,c40,fourap,fourap_00.2mM,0.2,20,811,0.298821756404987,28,9.333333333333334,0.522326933239387,148.21428571428572,255.0,6347.137036174515,19,4.097195423803528,3.997554603290953,180000.0
sweep_c40_seed20,c40,fourap,fourap_00.5mM,0.5,20,811,0.3020002740101384,24,8.0,0.5918105219893136,160.20833333333334,310.0,7524.808694622492,21,4.098557063708774,3.997584430684909,180000.0
sweep_c40_seed20,c40,fourap,fourap_01.0mM,1.0,20,811,0.2951363200438416,25,8.333333333333334,0.5207398273736128,138.8,195.0,7184.018749019274,18,4.103696901988805,3.997436002085761,180000.0
sweep_c40_seed20,c40,fourap,fourap_02.0mM,2.0,20,811,0.3020550760378134,27,9.0,0.5378362332739646,165.1851851851852,330.0,6704.057691385498,19,4.0897127465453105,3.997501241556018,180000.0
sweep_c40_seed20,c40,fourap,fourap_04.0mM,4.0,20,811,0.29964378682011233,24,8.0,0.5772194821208384,148.33333333333334,255.0,7467.76521637466,19,4.091308085281076,3.997438655717261,180000.0
sweep_c40_seed20,c40,fourap,fourap_09.0mM,9.0,20,811,0.29971913960816554,23,7.666666666666667,0.5641451777194016,172.82608695652175,250.0,7881.607953465168,17,4.097121277287335,3.997424250087948,180000.0
sweep_c40_seed20,c40,sahp,sahp_s0.00,0.0,20,811,0.30517879161528977,27,9.0,0.5806274832168791,152.22222222222223,270.0,6627.305768326619,21,4.0951895054704535,3.9976787659112225,180000.0
sweep_c40_seed20,c40,kclear,kclear_tau00500,500.0,20,811,0.3003288121660501,26,8.666666666666666,0.5442473679218439,147.1153846153846,220.0,7001.653999033858,19,4.156873439289374,3.9944106493666527,180000.0
sweep_c40_seed20,c40,sahp,sahp_s0.25,0.25,20,811,0.43660775448691597,29,9.666666666666666,0.8512266678005017,183.9655172413793,415.0,6134.841070603224,28,4.1339834808324865,4.00010891403279,180000.0
sweep_c40_seed20,c40,sahp,sahp_s0.50,0.5,20,811,0.6327647622962049,38,12.666666666666666,0.9144006749302358,206.57894736842104,395.0,4696.384458828796,37,4.162246309089697,4.005453674811264,180000.0
sweep_c40_seed20,c40,sahp,sahp_s0.75,0.75,20,811,0.9683997807918894,55,18.333333333333332,0.8930388969846429,271.27272727272725,525.0,3249.3680551180696,50,4.20760823334872,4.0179843974706415,180000.0
sweep_c40_seed20,c40,sahp,sahp_s1.00,1.0,20,811,1.661309768461433,76,25.333333333333332,0.9525115192420012,460.7894736842105,680.0,2349.726666348874,72,4.307254901127711,4.04980398442359,180000.0
sweep_c40_seed20,c40,both,both_tau00500,500.0,20,811,1.6475544595150022,80,26.666666666666668,0.9309494451294696,360.8125,590.0,2240.4610756487828,74,4.90071049816929,4.139126115073628,180000.0
sweep_c40_seed20,c40,kclear,kclear_tau01000,1000.0,20,811,0.304240306891355,23,7.666666666666667,0.6115370181740203,180.43478260869566,345.0,7909.731817094021,20,4.385350644366098,3.990469749630835,180000.0
sweep_c40_seed20,c40,both,both_tau01000,1000.0,20,811,1.068427181805727,142,47.333333333333336,0.45432521144127397,322.0422535211268,830.0,1263.1985813898038,91,5.48658550837237,5.133145738437657,180000.0
sweep_c40_seed20,c40,kclear,kclear_tau02500,2500.0,20,811,0.29404027949034117,28,9.333333333333334,0.4898714109564911,164.28571428571428,290.0,6222.946295459573,19,4.643133001087381,3.994935249642115,180000.0
sweep_c40_seed20,c40,both,both_tau02500,2500.0,20,811,0.8393821071379641,28,9.333333333333334,0.16742998062356876,129.10714285714286,245.0,6378.720369501431,0,8.232073726085476,8.147807098284407,180000.0
sweep_c40_seed20,c40,kclear,kclear_tau06000,6000.0,20,811,0.2592546924236197,25,8.333333333333334,0.3103822441430333,137.6,230.0,7169.374999020726,10,4.848544300788405,4.759521884622061,180000.0
sweep_c40_seed20,c40,both,both_tau06000,6000.0,20,811,0.8104260857651734,14,4.666666666666667,0.1528976572133169,121.78571428571429,210.0,9712.853844691615,0,11.867301735939957,11.704907110092089,180000.0
sweep_c50_seed01,c50,kclear,kclear_tau00200,200.0,1,926,0.28252939764818813,29,9.666666666666666,0.3052431667535563,118.27586206896552,255.0,6130.982142020996,10,4.07455826368658,3.9973466940792246,180000.0
sweep_c50_seed01,c50,both,both_tau00200,200.0,1,926,1.7159107271418286,73,24.333333333333332,0.9847332761324298,415.75342465753425,595.0,2473.8319441111694,72,4.304122954914255,4.044461018972279,180000.0
sweep_c50_seed01,c50,kclear,kclear_tau12000,12000.0,1,926,0.2584113270938325,30,10.0,0.282361411087113,139.0,315.0,5911.424137123713,9,5.308950870699184,5.237746449803259,180000.0
sweep_c50_seed01,c50,both,both_tau12000,12000.0,1,926,0.7785037197024238,10,3.3333333333333335,0.14136069114470842,123.5,260.0,15458.291664875313,0,16.270857533252567,15.940528278690133,180000.0
sweep_c50_seed01,c50,fourap,fourap_00.0mM,0.0,1,926,0.28252939764818813,29,9.666666666666666,0.3052431667535563,118.27586206896552,255.0,6130.982142020996,10,4.07455826368658,3.9973466940792246,180000.0
sweep_c50_seed01,c50,fourap,fourap_00.2mM,0.2,1,926,0.28588312934965204,36,12.0,0.33600311975041997,129.16666666666666,280.0,4843.002856488042,16,4.074598960372937,3.9973581415731543,180000.0
sweep_c50_seed01,c50,fourap,fourap_00.5mM,0.5,1,926,0.28251139908807293,33,11.0,0.26814582106158785,115.60606060606061,285.0,5301.348436782491,9,4.076668109160387,3.997283734513791,180000.0
sweep_c50_seed01,c50,fourap,fourap_01.0mM,1.0,1,926,0.2842272618190545,35,11.666666666666666,0.35168157975933356,146.57142857142858,495.0,5054.630881662576,15,4.07716700595948,3.9972807631343557,180000.0
sweep_c50_seed01,c50,fourap,fourap_02.0mM,2.0,1,926,0.2854631629469642,36,12.0,0.3116150707943365,113.61111111111111,295.0,4952.029999319737,13,4.077192157215501,3.9972586703895328,180000.0
sweep_c50_seed01,c50,fourap,fourap_04.0mM,4.0,1,926,0.2838012958963283,29,9.666666666666666,0.30654651076189765,110.17241379310344,200.0,6134.743749162173,8,4.089147607723463,3.9972082631550028,180000.0
sweep_c50_seed01,c50,fourap,fourap_09.0mM,9.0,1,926,0.28186345092392606,31,10.333333333333334,0.3128614226990873,125.3225806451613,230.0,5733.124999216862,9,4.072737434338512,3.997160824504473,180000.0
sweep_c50_seed01,c50,sahp,sahp_s0.00,0.0,1,926,0.28252939764818813,29,9.666666666666666,0.3052431667535563,118.27586206896552,255.0,6130.982142020996,10,4.07455826368658,3.9973466940792246,180000.0
sweep_c50_seed01,c50,kclear,kclear_tau00500,500.0,1,926,0.287137029037677,29,9.666666666666666,0.36173381991509646,131.55172413793105,285.0,5694.878570692324,12,4.1564609040800224,3.994012929176924,180000.0
sweep_c50_seed01,c50,sahp,sahp_s0.25,0.25,1,926,0.41531677465802735,50,16.666666666666668,0.4666522678185745,148.5,315.0,3576.1255097164076,34,4.120550822415244,3.9996153765996527,180000.0
sweep_c50_seed01,c50,sahp,sahp_s0.50,0.5,1,926,0.6411507079433645,62,20.666666666666668,0.614941127290462,190.6451612903226,400.0,2902.1754094411376,56,4.158478879118371,4.003806705238354,180000.0
sweep_c50_seed01,c50,sahp,sahp_s0.75,0.75,1,926,1.0088672906167506,53,17.666666666666668,0.945943192469131,276.79245283018867,455.0,3389.9788456958236,51,4.204897660674351,4.0144273322968935,180000.0
sweep_c50_seed01,c50,sahp,sahp_s1.00,1.0,1,926,1.7159107271418286,73,24.333333333333332,0.9847332761324298,415.75342465753425,595.0,2473.8319441111694,72,4.304122954914255,4.044461018972279,180000.0
sweep_c50_seed01,c50,both,both_tau00500,500.0,1,926,1.696268298536117,74,24.666666666666668,0.9889527756698382,360.94594594594594,490.0,2416.82876679935,74,4.975461629302963,4.122560697753576,180000.0
sweep_c50_seed01,c50,kclear,kclear_tau01000,1000.0,1,926,0.287017038636909,30,10.0,0.3386969042476602,130.66666666666666,265.0,5895.7129302106005,14,4.394265589505984,3.9893091572608603,180000.0
sweep_c50_seed01,c50,both,both_tau01000,1000.0,1,926,1.0590352771778258,134,44.666666666666664,0.5355968537442377,372.8358208955224,820.0,1336.4471802709356,100,5.6011008799461965,5.24204865999564,180000.0
sweep_c50_seed01,c50,kclear,kclear_tau02500,2500.0,1,926,0.28912886969042473,43,14.333333333333334,0.30516349389723246,130.34883720930233,370.0,4149.699999426716,15,4.688401697667219,3.9782139323713297,180000.0
sweep_c50_seed01,c50,both,both_tau02500,2500.0,1,926,0.8283777297816175,14,4.666666666666667,0.18034557235421164,140.35714285714286,230.0,13111.04999821873,0,8.580850593766757,8.486280191208811,180000.0
sweep_c50_seed01,c50,kclear,kclear_tau06000,6000.0,1,926,0.268016558675306,41,13.666666666666666,0.24269082863614816,112.4390243902439,245.0,4325.44374940533,8,4.859374808406931,4.550128572701061,180000.0
sweep_c50_seed01,c50,both,both_tau06000,6000.0,1,926,0.7812994960403168,8,2.6666666666666665,0.1637419006479482,143.125,205.0,25059.899996559776,0,12.658188568930381,12.475532231997265,180000.0
sweep_c50_seed02,c50,kclear,kclear_tau00200,200.0,2,758,0.26860158311345644,22,7.333333333333333,0.22679299592228352,105.0,190.0,8182.538094120063,2,4.032480172068537,3.9971240163548774,180000.0
sweep_c50_seed02,c50,both,both_tau00200,200.0,2,758,1.5880973321606566,81,27.0,0.902081501026092,400.9259259259259,650.0,2222.204374697669,74,4.216686063612938,4.029090041486902,180000.0
sweep_c50_seed02,c50,kclear,kclear_tau12000,12000.0,2,758,0.25811345646437994,12,4.0,0.20624450307827616,125.83333333333333,220.0,10341.520453565885,1,4.704505668553254,4.6157253311631985,180000.0
sweep_c50_seed02,c50,both,both_tau12000,12000.0,2,758,0.8801671064204045,28,9.333333333333334,0.2198454579721071,188.39285714285714,510.0,6118.111110318031,4,13.249947521393203,12.996044729361193,180000.0
sweep_c50_seed02,c50,fourap,fourap_00.0mM,0.0,2,758,0.26860158311345644,22,7.333333333333333,0.22679299592228352,105.0,190.0,8182.538094120063,2,4.032480172068537,3.9971240163548774,180000.0
sweep_c50_seed02,c50,fourap,fourap_00.2mM,0.2,2,758,0.27030196423336267,26,8.666666666666666,0.3179926933225087,152.5,265.0,6641.739999116906,9,4.047629364190825,3.997113351184713,180000.0
sweep_c50_seed02,c50,fourap,fourap_00.5mM,0.5,2,758,0.2693125183230724,29,9.666666666666666,0.26503502865981254,129.82758620689654,260.0,5741.591070685011,9,4.047751651344403,3.9970707221845854,180000.0
sweep_c50_seed02,c50,fourap,fourap_01.0mM,1.0,2,758,0.27022867194371153,26,8.666666666666666,0.32230566267505584,154.6153846153846,300.0,6916.916999053052,10,4.041448260005662,3.997056407732446,180000.0
sweep_c50_seed02,c50,fourap,fourap_02.0mM,2.0,2,758,0.2684549985341542,22,7.333333333333333,0.3126049412329096,143.86363636363637,275.0,8210.922617926166,8,4.02932631127191,3.996991727588623,180000.0
sweep_c50_seed02,c50,fourap,fourap_04.0mM,4.0,2,758,0.26682058047493407,13,4.333333333333333,0.2507611122386848,99.61538461538461,150.0,13575.420831556301,2,4.042830033039502,3.9969367190295655,180000.0
sweep_c50_seed02,c50,fourap,fourap_09.0mM,9.0,2,758,0.26784667253004985,20,6.666666666666667,0.2903034300791557,140.5,250.0,9044.765788241857,6,4.041049519649143,3.996929326045487,180000.0
sweep_c50_seed02,c50,sahp,sahp_s0.00,0.0,2,758,0.26860158311345644,22,7.333333333333333,0.22679299592228352,105.0,190.0,8182.538094120063,2,4.032480172068537,3.9971240163548774,180000.0
sweep_c50_seed02,c50,kclear,kclear_tau00500,500.0,2,758,0.26794928173556143,24,8.0,0.2293315743183817,113.33333333333333,330.0,7364.7695642197095,3,4.103918751039429,3.9931019437036555,180000.0
sweep_c50_seed02,c50,sahp,sahp_s0.25,0.25,2,758,0.37273526824978015,44,14.666666666666666,0.3999160470136724,153.52272727272728,320.0,4066.9697668865388,22,4.081740481871048,3.9989569782520946,180000.0
sweep_c50_seed02,c50,sahp,sahp_s0.50,0.5,2,758,0.5511360304895925,60,20.0,0.5036719437115216,185.25,340.0,2936.29957587699,37,4.11551333790526,4.002071922911515,180000.0
sweep_c50_seed02,c50,sahp,sahp_s0.75,0.75,2,758,0.8984975080621519,70,23.333333333333332,0.7262909913305692,268.2857142857143,700.0,2569.0829706674544,59,4.144441325471117,4.009196381959384,180000.0
sweep_c50_seed02,c50,sahp,sahp_s1.00,1.0,2,758,1.5880973321606566,81,27.0,0.902081501026092,400.9259259259259,650.0,2222.204374697669,74,4.216686063612938,4.029090041486902,180000.0
sweep_c50_seed02,c50,both,both_tau00500,500.0,2,758,1.5869979478158898,80,26.666666666666668,0.9244887862796833,412.625,865.0,2257.043987036406,76,4.725707751836881,4.079813659619726,180000.0
sweep_c50_seed02,c50,kclear,kclear_tau01000,1000.0,2,758,0.2670844327176781,21,7.0,0.2696318632994095,135.23809523809524,320.0,8046.759998912958,5,4.270328250853383,3.9871800989601196,180000.0
sweep_c50_seed02,c50,both,both_tau01000,1000.0,2,758,1.0784227499267076,129,43.0,0.49415025260272843,386.3178294573643,1010.0,1388.9316404367387,95,5.224054140962507,4.940837497760955,180000.0
sweep_c50_seed02,c50,kclear,kclear_tau02500,2500.0,2,758,0.26886543535620056,21,7.0,0.27000879507475817,123.57142857142857,245.0,7942.833748976261,5,4.472135568358711,3.971592950339637,180000.0
sweep_c50_seed02,c50,both,both_tau02500,2500.0,2,758,0.9112283787745529,43,14.333333333333334,0.23231269558814502,185.46511627906978,410.0,4207.021427998112,7,7.466098970434933,7.393495800877976,180000.0
sweep_c50_seed02,c50,kclear,kclear_tau06000,6000.0,2,758,0.26218117854001755,16,5.333333333333333,0.27506596306068604,138.75,230.0,10368.359998460326,3,4.600254666151585,4.190112440384167,180000.0
sweep_c50_seed02,c50,both,both_tau06000,6000.0,2,758,0.8844766930518909,34,11.333333333333334,0.20184696569920843,168.23529411764707,320.0,4975.387120579238,1,10.47376318760489,10.333477319034246,180000.0
sweep_c50_seed03,c50,kclear,kclear_tau00200,200.0,3,957,0.3193892952513642,24,8.0,0.7054597701149424,145.20833333333334,210.0,7557.551085917082,21,4.106714558148258,3.998132564702532,180000.0
sweep_c50_seed03,c50,both,both_tau00200,200.0,3,957,1.6743759433414604,73,24.333333333333332,0.9886345743691045,458.90410958904107,715.0,2481.1527774418073,73,4.3319733931423245,4.056077941660922,180000.0
sweep_c50_seed03,c50,kclear,kclear_tau12000,12000.0,3,957,0.25290258910948565,25,8.333333333333334,0.3311598746081505,156.4,375.0,6761.995832446199,13,5.958793161796111,5.813507952603683,180000.0
sweep_c50_seed03,c50,both,both_tau12000,12000.0,3,957,0.7800534076396145,3,1.0,0.10832462556600488,108.33333333333333,120.0,28512.424993361426,0,15.800345958044527,15.487039444882168,180000.0
sweep_c50_seed03,c50,fourap,fourap_00.0mM,0.0,3,957,0.3193892952513642,24,8.0,0.7054597701149424,145.20833333333334,210.0,7557.551085917082,21,4.106714558148258,3.998132564702532,180000.0
sweep_c50_seed03,c50,fourap,fourap_00.2mM,0.2,3,957,0.3200162544990131,23,7.666666666666667,0.7419926400436145,155.65217391304347,330.0,7917.473862546421,21,4.107838337103914,3.99817768588111,180000.0
sweep_c50_seed03,c50,fourap,fourap_00.5mM,0.5,3,957,0.3143504005572971,23,7.666666666666667,0.7042842215256009,152.6086956521739,210.0,7704.393180777459,21,4.1007121613551165,3.998031936197004,180000.0
sweep_c50_seed03,c50,fourap,fourap_01.0mM,1.0,3,957,0.3140485312899106,20,6.666666666666667,0.776489028213166,161.0,250.0,8895.67368301023,20,4.109509640447553,3.9979311509522812,180000.0
sweep_c50_seed03,c50,fourap,fourap_02.0mM,2.0,3,957,0.3153605015673981,22,7.333333333333333,0.732117412368196,146.8181818181818,230.0,8082.1892846210185,21,4.105416712306197,3.9979043874221136,180000.0
sweep_c50_seed03,c50,fourap,fourap_04.0mM,4.0,3,957,0.3151224892604203,23,7.666666666666667,0.7086911089909591,150.2173913043478,220.0,7716.470453502232,21,4.101062986627795,3.997880058450833,180000.0
sweep_c50_seed03,c50,fourap,fourap_09.0mM,9.0,3,957,0.316602809706258,22,7.333333333333333,0.7645578037427566,151.5909090909091,225.0,8062.688094149394,21,4.100734283144415,3.9978620301078003,180000.0
sweep_c50_seed03,c50,sahp,sahp_s0.00,0.0,3,957,0.3193892952513642,24,8.0,0.7054597701149424,145.20833333333334,210.0,7557.551085917082,21,4.106714558148258,3.998132564702532,180000.0
sweep_c50_seed03,c50,kclear,kclear_tau00500,500.0,3,957,0.3133286891907581,22,7.333333333333333,0.7196732212406195,161.8181818181818,260.0,7968.182141789746,20,4.202651710416378,3.995540488245074,180000.0
sweep_c50_seed03,c50,sahp,sahp_s0.25,0.25,3,957,0.4381109950075467,31,10.333333333333334,0.7945865776789024,158.2258064516129,245.0,5808.488332543356,29,4.132772986730569,4.001191679602589,180000.0
sweep_c50_seed03,c50,sahp,sahp_s0.50,0.5,3,957,0.6287066062928132,46,15.333333333333334,0.7767025578120031,183.58695652173913,340.0,3894.058888362488,38,4.169135220914566,4.007683306807735,180000.0
sweep_c50_seed03,c50,sahp,sahp_s0.75,0.75,3,957,0.9812724950655985,52,17.333333333333332,0.9653162929024999,306.63461538461536,545.0,3463.534313256658,52,4.218818173399581,4.022110890352756,180000.0
sweep_c50_seed03,c50,sahp,sahp_s1.00,1.0,3,957,1.6743759433414604,73,24.333333333333332,0.9886345743691045,458.90410958904107,715.0,2481.1527774418073,73,4.3319733931423245,4.056077941660922,180000.0
sweep_c50_seed03,c50,both,both_tau00500,500.0,3,957,1.6593695576454197,78,26.0,0.9613509096267716,347.3076923076923,960.0,2293.9594152766613,77,4.946563562388713,4.158125071389187,180000.0
sweep_c50_seed03,c50,kclear,kclear_tau01000,1000.0,3,957,0.3074248229420643,19,6.333333333333333,0.6804157729747566,152.89473684210526,230.0,9249.394443204954,17,4.464936744568931,3.9920295766683127,180000.0
sweep_c50_seed03,c50,both,both_tau01000,1000.0,3,957,1.0340183443631719,150,50.0,0.33556948798328107,254.1,700.0,1197.4337246705359,62,5.56201198246384,5.217968156859552,180000.0
sweep_c50_seed03,c50,kclear,kclear_tau02500,2500.0,3,957,0.30870196215023804,26,8.666666666666666,0.5863274656378105,149.80769230769232,240.0,6937.158999045418,20,4.764222810942539,4.077240299484496,180000.0
sweep_c50_seed03,c50,both,both_tau02500,2500.0,3,957,0.8363171949378846,26,8.666666666666666,0.16051764327626397,130.57692307692307,270.0,6944.021999069223,0,8.32081101172129,8.242455224326786,180000.0
sweep_c50_seed03,c50,kclear,kclear_tau06000,6000.0,3,957,0.2541913386740973,15,5.0,0.33402995471960995,164.33333333333334,265.0,12265.521426895686,8,5.182934637226785,5.088262052521259,180000.0
sweep_c50_seed03,c50,both,both_tau06000,6000.0,3,957,0.7949088587019622,10,3.3333333333333335,0.1490073145245559,126.5,215.0,17420.78888671245,0,12.147634842445328,11.987163404388703,180000.0
sweep_c50_seed04,c50,kclear,kclear_tau00200,200.0,4,970,0.30470217640320735,24,8.0,0.5889175257731959,145.625,280.0,7424.002172906435,21,4.097344727562954,3.99778258458012,180000.0
sweep_c50_seed04,c50,both,both_tau00200,200.0,4,970,1.7059106529209622,73,24.333333333333332,0.9946900155345291,470.06849315068496,685.0,2467.008333000766,73,4.301703973193793,4.051108586813125,180000.0
sweep_c50_seed04,c50,kclear,kclear_tau12000,12000.0,4,970,0.25461053837342495,24,8.0,0.26941580756013744,156.04166666666666,290.0,7113.661955475795,4,5.691973487592263,5.592772369226078,180000.0
sweep_c50_seed04,c50,both,both_tau12000,12000.0,4,970,0.7869816723940436,5,1.6666666666666667,0.1884536082474227,162.0,210.0,24494.337498060137,0,15.959498816144412,15.644880840073366,180000.0
sweep_c50_seed04,c50,fourap,fourap_00.0mM,0.0,4,970,0.30470217640320735,24,8.0,0.5889175257731959,145.625,280.0,7424.002172906435,21,4.097344727562954,3.99778258458012,180000.0
sweep_c50_seed04,c50,fourap,fourap_00.2mM,0.2,4,970,0.304077892325315,23,7.666666666666667,0.6018825638727028,146.52173913043478,245.0,7814.305680753597,19,4.098751545702813,3.997760503454608,180000.0
sweep_c50_seed04,c50,fourap,fourap_00.5mM,0.5,4,970,0.3064089347079038,24,8.0,0.6231529209621993,164.79166666666666,235.0,7484.774998978462,21,4.092663747447593,3.9977456620189438,180000.0
sweep_c50_seed04,c50,fourap,fourap_01.0mM,1.0,4,970,0.30038946162657504,25,8.333333333333334,0.5128247422680412,144.4,295.0,6999.594790727916,20,4.085836149112377,3.9976020747840466,180000.0
sweep_c50_seed04,c50,fourap,fourap_02.0mM,2.0,4,970,0.3055097365406644,24,8.0,0.6274484536082474,152.08333333333334,215.0,7440.572825076476,20,4.100152744866607,3.997641055228001,180000.0
sweep_c50_seed04,c50,fourap,fourap_04.0mM,4.0,4,970,0.3056930126002291,24,8.0,0.5664948453608248,139.79166666666666,200.0,7586.568477216211,22,4.094274280446305,3.9976399155424467,180000.0
sweep_c50_seed04,c50,fourap,fourap_09.0mM,9.0,4,970,0.30455899198167236,22,7.333333333333333,0.6371134020618556,141.13636363636363,245.0,8026.6166655880625,19,4.096891253001711,3.9976119188522685,180000.0
sweep_c50_seed04,c50,sahp,sahp_s0.00,0.0,4,970,0.30470217640320735,24,8.0,0.5889175257731959,145.625,280.0,7424.002172906435,21,4.097344727562954,3.99778258458012,180000.0
sweep_c50_seed04,c50,kclear,kclear_tau00500,500.0,4,970,0.3057044673539519,23,7.666666666666667,0.608561183325863,152.82608695652175,275.0,7835.063635293999,22,4.173237162071887,3.995041896946783,180000.0
sweep_c50_seed04,c50,sahp,sahp_s0.25,0.25,4,970,0.42754868270332186,33,11.0,0.7060606060606059,168.1818181818182,320.0,5430.1164055150875,29,4.140172768125273,4.000558826841278,180000.0
sweep_c50_seed04,c50,sahp,sahp_s0.50,0.5,4,970,0.6308476517754869,42,14.0,0.8476681394207165,223.8095238095238,430.0,4235.178048212111,39,4.163586818099379,4.006328461499742,180000.0
sweep_c50_seed04,c50,sahp,sahp_s0.75,0.75,4,970,0.9905211912943871,53,17.666666666666668,0.9501847889515658,266.3207547169811,450.0,3360.270191856912,51,4.218151465906461,4.019122951323623,180000.0
sweep_c50_seed04,c50,sahp,sahp_s1.00,1.0,4,970,1.7059106529209622,73,24.333333333333332,0.9946900155345291,470.06849315068496,685.0,2467.008333000766,73,4.301703973193793,4.051108586813125,180000.0
sweep_c50_seed04,c50,both,both_tau00500,500.0,4,970,1.6832073310423825,75,25.0,0.9898831615120275,391.3333333333333,610.0,2387.916215896099,75,4.91661297842553,4.142804018930972,180000.0
sweep_c50_seed04,c50,kclear,kclear_tau01000,1000.0,4,970,0.3091122565864834,24,8.0,0.6386597938144329,142.91666666666666,195.0,7547.7347815920075,22,4.40773614068641,3.9917385180911547,180000.0
sweep_c50_seed04,c50,both,both_tau01000,1000.0,4,970,1.06,24,8.0,0.5831185567010309,418.9583333333333,655.0,7132.9739120914755,22,5.547322450191385,5.195323554879954,180000.0
sweep_c50_seed04,c50,kclear,kclear_tau02500,2500.0,4,970,0.3038258877434135,24,8.0,0.5727233676975945,157.91666666666666,285.0,7673.803259823652,19,4.695703789698625,4.020995243192954,180000.0
sweep_c50_seed04,c50,both,both_tau02500,2500.0,4,970,0.8432359679266895,28,9.333333333333334,0.18438880706921942,155.0,305.0,6465.652776912578,1,8.42603016854698,8.34468350486736,180000.0
sweep_c50_seed04,c50,kclear,kclear_tau06000,6000.0,4,970,0.26029209621993127,29,9.666666666666666,0.3145751866334874,172.75862068965517,380.0,5988.724999195748,10,4.973767999213344,4.871400058299874,180000.0
sweep_c50_seed04,c50,both,both_tau06000,6000.0,4,970,0.7985223367697595,14,4.666666666666667,0.15935198821796762,127.14285714285714,255.0,12639.307690600031,0,12.390462231350304,12.222446230188035,180000.0
sweep_c50_seed05,c50,kclear,kclear_tau00200,200.0,5,871,0.2874792703150912,25,8.333333333333334,0.39752009184845005,128.6,220.0,6886.873957421735,17,4.076282249238511,3.997445378118209,180000.0
sweep_c50_seed05,c50,both,both_tau00200,200.0,5,871,1.6402602372751627,78,26.0,0.9491006505931878,448.5897435897436,760.0,2294.6782464445982,74,4.255085405398334,4.039271301014106,180000.0
sweep_c50_seed05,c50,kclear,kclear_tau12000,12000.0,5,871,0.2561742569205256,29,9.666666666666666,0.2900352349657548,163.79310344827587,285.0,6193.708927721947,7,5.249903382530071,5.170280433995833,180000.0
sweep_c50_seed05,c50,both,both_tau12000,12000.0,5,871,0.8310435004464855,24,8.0,0.1580558744737849,131.875,190.0,6897.8554338259955,0,14.736879189343169,14.4464861708396,180000.0
sweep_c50_seed05,c50,fourap,fourap_00.0mM,0.0,5,871,0.2874792703150912,25,8.333333333333334,0.39752009184845005,128.6,220.0,6886.873957421735,17,4.076282249238511,3.997445378118209,180000.0
sweep_c50_seed05,c50,fourap,fourap_00.2mM,0.2,5,871,0.28626100267891313,21,7.0,0.47088732163359037,161.9047619047619,305.0,8469.463748858101,17,4.067126798543377,3.9973717166554303,180000.0
sweep_c50_seed05,c50,fourap,fourap_00.5mM,0.5,5,871,0.28656078581451716,21,7.0,0.43299983598491065,131.9047619047619,295.0,8189.839998922544,15,4.070937778801278,3.997342305466321,180000.0
sweep_c50_seed05,c50,fourap,fourap_01.0mM,1.0,5,871,0.28453884424033676,30,10.0,0.3261385380788366,118.0,210.0,5936.705171603504,11,4.069901864251838,3.997285068412043,180000.0
sweep_c50_seed05,c50,fourap,fourap_02.0mM,2.0,5,871,0.29080239826508486,23,7.666666666666667,0.4382768432087057,135.0,250.0,7893.106817098853,17,4.069243200047149,3.997351565304805,180000.0
sweep_c50_seed05,c50,fourap,fourap_04.0mM,4.0,5,871,0.2852787345324659,21,7.0,0.4296648625006834,140.23809523809524,255.0,8441.322498864323,14,4.068187783124424,3.997237926451858,180000.0
sweep_c50_seed05,c50,fourap,fourap_09.0mM,9.0,5,871,0.28710932516902665,24,8.0,0.42202449292001526,149.375,255.0,7221.505433822956,13,4.070841630760562,3.9972409832503457,180000.0
sweep_c50_seed05,c50,sahp,sahp_s0.00,0.0,5,871,0.2874792703150912,25,8.333333333333334,0.39752009184845005,128.6,220.0,6886.873957421735,17,4.076282249238511,3.997445378118209,180000.0
sweep_c50_seed05,c50,kclear,kclear_tau00500,500.0,5,871,0.292601097078709,21,7.0,0.5072439997813133,147.85714285714286,245.0,8651.426248815125,21,4.13226331603208,3.9941702275958773,180000.0
sweep_c50_seed05,c50,sahp,sahp_s0.25,0.25,5,871,0.41022451843347363,43,14.333333333333334,0.4806023549515393,166.86046511627907,395.0,4179.105356572302,28,4.085912719280512,3.9997273891432035,180000.0
sweep_c50_seed05,c50,sahp,sahp_s0.50,0.5,5,871,0.5839584130628908,52,17.333333333333332,0.6026009008213371,186.6346153846154,360.0,3394.316666212606,38,4.131721331118966,4.004116864161755,180000.0
sweep_c50_seed05,c50,sahp,sahp_s0.75,0.75,5,871,0.9117042990177319,92,30.666666666666668,0.5855213897069834,238.80434782608697,600.0,1927.2969777630358,71,4.182068870598564,4.013991033915123,180000.0
sweep_c50_seed05,c50,sahp,sahp_s1.00,1.0,5,871,1.6402602372751627,78,26.0,0.9491006505931878,448.5897435897436,760.0,2294.6782464445982,74,4.255085405398334,4.039271301014106,180000.0
sweep_c50_seed05,c50,both,both_tau00500,500.0,5,871,1.6305778798316113,77,25.666666666666668,0.973817227548571,407.7922077922078,620.0,2336.80888126421,76,4.827747604054126,4.111270590515208,180000.0
sweep_c50_seed05,c50,kclear,kclear_tau01000,1000.0,5,871,0.2904771016711315,21,7.0,0.4459023563501175,125.47619047619048,195.0,7814.336249027149,17,4.337052060937978,3.9893177394572477,180000.0
sweep_c50_seed05,c50,both,both_tau01000,1000.0,5,871,1.070544712335757,136,45.333333333333336,0.44466299723103936,344.15441176470586,810.0,1309.749814637938,87,5.39861814531292,5.055867954979342,180000.0
sweep_c50_seed05,c50,kclear,kclear_tau02500,2500.0,5,871,0.2861525704809287,21,7.0,0.43682685473730243,143.0952380952381,310.0,8529.694998841227,16,4.587657939139535,3.991068462834189,180000.0
sweep_c50_seed05,c50,both,both_tau02500,2500.0,5,871,0.8834162520729685,23,7.666666666666667,0.17181650277042881,140.2173913043478,285.0,7787.907953512465,0,7.8761538604050365,7.808274558691589,180000.0
sweep_c50_seed05,c50,kclear,kclear_tau06000,6000.0,5,871,0.26238678402857507,27,9.0,0.2661904154441468,136.66666666666666,300.0,5755.601922374924,5,4.71819558890536,4.481447100281438,180000.0
sweep_c50_seed05,c50,both,both_tau06000,6000.0,5,871,0.8304184207169283,19,6.333333333333333,0.16913408665176144,148.42105263157896,230.0,9210.666665368783,0,11.595060852492779,11.437115733448078,180000.0
sweep_c50_seed06,c50,kclear,kclear_tau00200,200.0,6,1009,0.2977039973571193,41,13.666666666666666,0.33757161159322197,119.8780487804878,285.0,4348.09249940281,16,4.078184385106065,3.9975898718845824,180000.0
sweep_c50_seed06,c50,both,both_tau00200,200.0,6,1009,1.7367635722938002,79,26.333333333333332,0.9265847875450063,375.56962025316454,635.0,2284.8759612298627,73,4.337729756048794,4.049641972807309,180000.0
sweep_c50_seed06,c50,kclear,kclear_tau12000,12000.0,6,1009,0.25311639687259113,29,9.666666666666666,0.22562455145073648,119.65517241379311,240.0,5991.5651777350495,3,5.866592832135619,5.763909678614896,180000.0
sweep_c50_seed06,c50,both,both_tau12000,12000.0,6,1009,0.7411078075101861,4,1.3333333333333333,0.10530227948463824,110.0,115.0,53088.64165870915,0,17.13896925700936,16.789987580913444,180000.0
sweep_c50_seed06,c50,fourap,fourap_00.0mM,0.0,6,1009,0.2977039973571193,41,13.666666666666666,0.33757161159322197,119.8780487804878,285.0,4348.09249940281,16,4.078184385106065,3.9975898718845824,180000.0
sweep_c50_seed06,c50,fourap,fourap_00.2mM,0.2,6,1009,0.2954905847373637,38,12.666666666666666,0.32079703719159147,111.71052631578948,240.0,4721.768242593007,14,4.084961545967531,3.9975107305129267,180000.0
sweep_c50_seed06,c50,fourap,fourap_00.5mM,0.5,6,1009,0.302015196564255,49,16.333333333333332,0.31767156813171255,112.34693877551021,255.0,3621.4729161697455,17,4.072271945593688,3.9975924112920604,180000.0
sweep_c50_seed06,c50,fourap,fourap_01.0mM,1.0,6,1009,0.29528135667877986,32,10.666666666666666,0.37772547076313184,131.09375,310.0,5539.380644407711,15,4.077132650807102,3.997447630256504,180000.0
sweep_c50_seed06,c50,fourap,fourap_02.0mM,2.0,6,1009,0.2981169474727453,35,11.666666666666666,0.3810845249893812,138.28571428571428,330.0,5079.120587540664,20,4.085073351725644,3.9974516949217844,180000.0
sweep_c50_seed06,c50,fourap,fourap_04.0mM,4.0,6,1009,0.2972414932276181,34,11.333333333333334,0.378621815425873,128.97058823529412,300.0,5237.64848413251,17,4.083050598330496,3.997411068852909,180000.0
sweep_c50_seed06,c50,fourap,fourap_09.0mM,9.0,6,1009,0.2943783724259443,44,14.666666666666666,0.3109514370664023,125.45454545454545,310.0,4014.1563947998898,13,4.072878749420663,3.9973483949497095,180000.0
sweep_c50_seed06,c50,sahp,sahp_s0.00,0.0,6,1009,0.2977039973571193,41,13.666666666666666,0.33757161159322197,119.8780487804878,285.0,4348.09249940281,16,4.078184385106065,3.9975898718845824,180000.0
sweep_c50_seed06,c50,kclear,kclear_tau00500,500.0,6,1009,0.29331020812685826,38,12.666666666666666,0.2814667988107037,106.44736842105263,235.0,4688.11013449039,10,4.181371515973078,3.99431897675127,180000.0
sweep_c50_seed06,c50,sahp,sahp_s0.25,0.25,6,1009,0.43866314282568,59,19.666666666666668,0.44096353160538215,132.96610169491527,305.0,3017.188792692442,28,4.123895570822642,4.000106621498861,180000.0
sweep_c50_seed06,c50,sahp,sahp_s0.50,0.5,6,1009,0.6452923686818632,70,23.333333333333332,0.5283165793572137,158.85714285714286,360.0,2548.1978257417695,38,4.149189873697588,4.004796160567292,180000.0
sweep_c50_seed06,c50,sahp,sahp_s0.75,0.75,6,1009,1.007031163968726,61,20.333333333333332,0.8557084599262373,266.8032786885246,445.0,2934.0066662708473,52,4.212106513291908,4.0173183207531356,180000.0
sweep_c50_seed06,c50,sahp,sahp_s1.00,1.0,6,1009,1.7367635722938002,79,26.333333333333332,0.9265847875450063,375.56962025316454,635.0,2284.8759612298627,73,4.337729756048794,4.049641972807309,180000.0
sweep_c50_seed06,c50,both,both_tau00500,500.0,6,1009,1.721897368131263,74,24.666666666666668,0.9918704631291351,316.4189189189189,550.0,2433.6571914523893,74,5.03765709072438,4.140854980596287,180000.0
sweep_c50_seed06,c50,kclear,kclear_tau01000,1000.0,6,1009,0.29801233344345335,36,12.0,0.35833058033256254,133.19444444444446,240.0,4963.31142788873,16,4.441351311848218,3.99040952690935,180000.0
sweep_c50_seed06,c50,both,both_tau01000,1000.0,6,1009,1.115042396211871,120,40.0,0.619193921374298,398.75,770.0,1499.9310922339307,99,5.723658768696429,5.243027139674168,180000.0
sweep_c50_seed06,c50,kclear,kclear_tau02500,2500.0,6,1009,0.29793524942186983,39,13.0,0.3428629513862418,119.23076923076923,210.0,4545.968420431953,19,4.751543699978365,3.993850149687126,180000.0
sweep_c50_seed06,c50,both,both_tau02500,2500.0,6,1009,0.7987831736592885,8,2.6666666666666665,0.1402378592666006,114.375,165.0,21919.567854237852,0,8.893302586309655,8.801851463744075,180000.0
sweep_c50_seed06,c50,kclear,kclear_tau06000,6000.0,6,1009,0.26283999559519877,27,9.0,0.28968909444627977,137.22222222222223,290.0,6518.391345272348,11,4.95132411216816,4.881462943111122,180000.0
sweep_c50_seed06,c50,both,both_tau06000,6000.0,6,1009,0.7540193811254268,4,1.3333333333333333,0.14370664023785926,146.25,205.0,27228.024997012315,0,13.186806844102119,13.005948078005307,180000.0
sweep_c50_seed07,c50,kclear,kclear_tau00200,200.0,7,1010,0.3186138613861386,24,8.0,0.6522689768976897,155.0,245.0,7011.623912131721,18,4.13485343840416,3.99800330417512,180000.0
sweep_c50_seed07,c50,both,both_tau00200,200.0,7,1010,1.7041199119911992,72,24.0,0.9838971397139714,466.25,670.0,2485.680281357182,71,4.371837666114988,4.064303113912092,180000.0
sweep_c50_seed07,c50,kclear,kclear_tau12000,12000.0,7,1010,0.2534928492849285,28,9.333333333333334,0.3014851485148515,137.5,270.0,6220.0064806445,12,6.034478353083357,5.916581313352051,180000.0
sweep_c50_seed07,c50,both,both_tau12000,12000.0,7,1010,0.736023102310231,1,0.3333333333333333,0.14158415841584157,105.0,105.0,nan,0,17.143910774130294,16.790617835285797,180000.0
sweep_c50_seed07,c50,fourap,fourap_00.0mM,0.0,7,1010,0.3186138613861386,24,8.0,0.6522689768976897,155.0,245.0,7011.623912131721,18,4.13485343840416,3.99800330417512,180000.0
sweep_c50_seed07,c50,fourap,fourap_00.2mM,0.2,7,1010,0.33914191419141915,21,7.0,0.8545497406883545,149.52380952380952,200.0,8726.90249879743,20,4.1382419688615055,3.9983817178044765,180000.0
sweep_c50_seed07,c50,fourap,fourap_00.5mM,0.5,7,1010,0.33127612761276126,23,7.666666666666667,0.7237193284545845,147.6086956521739,205.0,7936.50681708785,19,4.1372813392022865,3.9982296455288324,180000.0
sweep_c50_seed07,c50,fourap,fourap_01.0mM,1.0,7,1010,0.33735423542354237,25,8.333333333333334,0.764950495049505,167.8,250.0,7250.974999002741,22,4.134180147898991,3.998237794762473,180000.0
sweep_c50_seed07,c50,fourap,fourap_02.0mM,2.0,7,1010,0.3223377337733773,22,7.333333333333333,0.7261026102610261,165.0,270.0,7759.678570411457,19,4.131640617027099,3.9979930460233244,180000.0
sweep_c50_seed07,c50,fourap,fourap_04.0mM,4.0,7,1010,0.3291089108910891,21,7.0,0.7516737388024518,164.76190476190476,250.0,8699.434998803936,18,4.130975269468062,3.9979864262147173,180000.0
sweep_c50_seed07,c50,fourap,fourap_09.0mM,9.0,7,1010,0.3373872387238724,20,6.666666666666667,0.8968811881188119,165.5,275.0,9119.332893486246,20,4.1360718698599435,3.998170116650968,180000.0
sweep_c50_seed07,c50,sahp,sahp_s0.00,0.0,7,1010,0.3186138613861386,24,8.0,0.6522689768976897,155.0,245.0,7011.623912131721,18,4.13485343840416,3.99800330417512,180000.0
sweep_c50_seed07,c50,kclear,kclear_tau00500,500.0,7,1010,0.3165071507150715,22,7.333333333333333,0.675922592259226,174.77272727272728,300.0,8026.9499989167825,17,4.222471477067141,3.9955074191227267,180000.0
sweep_c50_seed07,c50,sahp,sahp_s0.25,0.25,7,1010,0.4725247524752475,30,10.0,0.9138613861386138,164.16666666666666,220.0,5984.161206085323,29,4.161570123244356,4.001933841299965,180000.0
sweep_c50_seed07,c50,sahp,sahp_s0.50,0.5,7,1010,0.6657040704070407,38,12.666666666666666,0.9679520583637311,195.52631578947367,275.0,4688.090539911662,38,4.19298710095698,4.009297889417505,180000.0
sweep_c50_seed07,c50,sahp,sahp_s0.75,0.75,7,1010,1.0142904290429042,53,17.666666666666668,0.9517653652157668,246.69811320754718,390.0,3400.559614924084,51,4.263252963230861,4.025459704235281,180000.0
sweep_c50_seed07,c50,sahp,sahp_s1.00,1.0,7,1010,1.7041199119911992,72,24.0,0.9838971397139714,466.25,670.0,2485.680281357182,71,4.371837666114988,4.064303113912092,180000.0
sweep_c50_seed07,c50,both,both_tau00500,500.0,7,1010,1.6974532453245326,75,25.0,0.9874587458745875,340.2,520.0,2402.4733104871657,75,5.084482845051541,4.182400905900243,180000.0
sweep_c50_seed07,c50,kclear,kclear_tau01000,1000.0,7,1010,0.32965346534653467,23,7.666666666666667,0.7213086526043909,153.2608695652174,235.0,7858.993180740654,19,4.505710548453962,3.994191018534678,180000.0
sweep_c50_seed07,c50,both,both_tau01000,1000.0,7,1010,1.021133113311331,51,17.0,0.5721219180741604,383.72549019607845,655.0,3267.008999544171,44,5.75394259217381,5.36100402476412,180000.0
sweep_c50_seed07,c50,kclear,kclear_tau02500,2500.0,7,1010,0.31801430143014303,24,8.0,0.6832095709570959,176.25,240.0,7564.30217287169,21,4.837928753269257,4.074962879473639,180000.0
sweep_c50_seed07,c50,both,both_tau02500,2500.0,7,1010,0.7910396039603961,14,4.666666666666667,0.1422913719943423,110.35714285714286,285.0,13016.961536691437,0,8.887282193253451,8.783720427458016,180000.0
sweep_c50_seed07,c50,kclear,kclear_tau06000,6000.0,7,1010,0.26045654565456544,32,10.666666666666666,0.33069306930693065,149.21875,285.0,5368.069354121522,13,5.190561526985741,5.091695528451665,180000.0
sweep_c50_seed07,c50,both,both_tau06000,6000.0,7,1010,0.7385478547854785,4,1.3333333333333333,0.1198019801980198,92.5,105.0,28880.958327495337,0,13.268151749848716,13.082188235768287,180000.0
sweep_c50_seed08,c50,kclear,kclear_tau00200,200.0,8,941,0.30251505490612823,25,8.333333333333334,0.539298618490967,154.4,305.0,7218.584374009281,19,4.0978997994133755,3.9976671010742857,180000.0
sweep_c50_seed08,c50,both,both_tau00200,200.0,8,941,1.6858956193175108,77,25.666666666666668,0.9373835516237219,421.8831168831169,600.0,2353.695723366112,72,4.32484561011426,4.050985980472235,180000.0
sweep_c50_seed08,c50,kclear,kclear_tau12000,12000.0,8,941,0.25283976856771756,17,5.666666666666667,0.2554854035131587,151.47058823529412,380.0,10692.017186042869,3,5.725636692537919,5.615851340849176,180000.0
sweep_c50_seed08,c50,both,both_tau12000,12000.0,8,941,0.7740819459204157,14,4.666666666666667,0.13071200850159403,120.35714285714286,215.0,13101.149998158015,0,16.23485000778869,15.906942583180182,180000.0
sweep_c50_seed08,c50,fourap,fourap_00.0mM,0.0,8,941,0.30251505490612823,25,8.333333333333334,0.539298618490967,154.4,305.0,7218.584374009281,19,4.0978997994133755,3.9976671010742857,180000.0
sweep_c50_seed08,c50,fourap,fourap_00.2mM,0.2,8,941,0.3002656748140276,27,9.0,0.49061282323769045,142.22222222222223,330.0,6733.351922147917,18,4.0997605304658595,3.9975788560681096,180000.0
sweep_c50_seed08,c50,fourap,fourap_00.5mM,0.5,8,941,0.3065356004250797,25,8.333333333333334,0.5421041445270989,142.4,245.0,7286.955207328407,20,4.093972345191427,3.9976428922950236,180000.0
sweep_c50_seed08,c50,fourap,fourap_01.0mM,1.0,8,941,0.3012988546463573,24,8.0,0.5379029401346086,146.04166666666666,255.0,7601.894564167904,19,4.101055492164797,3.9975340183376593,180000.0
sweep_c50_seed08,c50,fourap,fourap_02.0mM,2.0,8,941,0.2967941905773999,22,7.333333333333333,0.5186455414935754,137.72727272727272,200.0,8100.197617950556,16,4.091948512449209,3.9974384250869495,180000.0
sweep_c50_seed08,c50,fourap,fourap_04.0mM,4.0,8,941,0.306199078993978,24,8.0,0.5651346085724407,147.70833333333334,245.0,7605.010868515435,18,4.085418148927228,3.9975161912541064,180000.0
sweep_c50_seed08,c50,fourap,fourap_09.0mM,9.0,8,941,0.3026626520250325,23,7.666666666666667,0.6090652866977776,158.2608695652174,260.0,7632.0374989772245,21,4.091120450066054,3.9974637240676416,180000.0
sweep_c50_seed08,c50,sahp,sahp_s0.00,0.0,8,941,0.30251505490612823,25,8.333333333333334,0.539298618490967,154.4,305.0,7218.584374009281,19,4.0978997994133755,3.9976671010742857,180000.0
sweep_c50_seed08,c50,kclear,kclear_tau00500,500.0,8,941,0.3014169323414807,32,10.666666666666666,0.4315223166843783,133.90625,265.0,5595.329031490704,19,4.172875302178958,3.9946536887749584,180000.0
sweep_c50_seed08,c50,sahp,sahp_s0.25,0.25,8,941,0.43056441138268986,33,11.0,0.663510771906096,177.42424242424244,310.0,5487.509374249983,27,4.116431039537043,4.000207131779762,180000.0
sweep_c50_seed08,c50,sahp,sahp_s0.50,0.5,8,941,0.622735860196009,57,19.0,0.6278128903555382,192.3684210526316,400.0,3166.2196424260974,40,4.162516019529789,4.005069290876657,180000.0
sweep_c50_seed08,c50,sahp,sahp_s0.75,0.75,8,941,0.9944267327901759,56,18.666666666666668,0.9052110217094276,276.7857142857143,465.0,3219.5045450183984,52,4.206240562283911,4.01866283374817,180000.0
sweep_c50_seed08,c50,sahp,sahp_s1.00,1.0,8,941,1.6858956193175108,77,25.666666666666668,0.9373835516237219,421.8831168831169,600.0,2353.695723366112,72,4.32484561011426,4.050985980472235,180000.0
sweep_c50_seed08,c50,both,both_tau00500,500.0,8,941,1.6836167198016294,76,25.333333333333332,0.9783405112142738,354.7368421052632,690.0,2380.331333012064,75,4.988914385757108,4.145312512814299,180000.0
sweep_c50_seed08,c50,kclear,kclear_tau01000,1000.0,8,941,0.31281142992088795,29,9.666666666666666,0.595001649016087,166.3793103448276,290.0,6230.926784853551,22,4.428155283092769,3.991343653912876,180000.0
sweep_c50_seed08,c50,both,both_tau01000,1000.0,8,941,1.0162652025032473,144,48.0,0.32861760538434287,243.71527777777777,805.0,1232.4722026313796,50,5.6367303463035245,5.326952076943688,180000.0
sweep_c50_seed08,c50,kclear,kclear_tau02500,2500.0,8,941,0.29816979572558744,25,8.333333333333334,0.5147290116896919,149.8,280.0,7003.935415725079,18,4.734853023980957,4.008238207783436,180000.0
sweep_c50_seed08,c50,both,both_tau02500,2500.0,8,941,0.8058625575628764,14,4.666666666666667,0.17625626233490208,146.42857142857142,260.0,11060.961537113055,0,8.688144801686516,8.598908423143211,180000.0
sweep_c50_seed08,c50,kclear,kclear_tau06000,6000.0,8,941,0.26124099657574684,21,7.0,0.27382217499114414,119.04761904761905,180.0,7235.84874914126,6,4.91471245201194,4.809453516790963,180000.0
sweep_c50_seed08,c50,both,both_tau06000,6000.0,8,941,0.7758294958082418,13,4.333333333333333,0.13733344232812886,121.92307692307692,185.0,14641.793748021913,0,12.667563816111295,12.490590753643161,180000.0
sweep_c50_seed09,c50,kclear,kclear_tau00200,200.0,9,766,0.27094574992747317,41,13.666666666666666,0.27908679870088515,146.82926829268294,295.0,4335.69374940542,9,4.0428075545356466,3.9971731630875187,180000.0
sweep_c50_seed09,c50,both,both_tau00200,200.0,9,766,1.6258703220191473,79,26.333333333333332,0.9194070793535378,414.49367088607596,685.0,2271.78525610244,73,4.224324016095078,4.027288626944192,180000.0
sweep_c50_seed09,c50,kclear,kclear_tau12000,12000.0,9,766,0.26203220191470844,41,13.666666666666666,0.2699802585493218,160.73170731707316,380.0,4240.654374425772,12,4.615007834478815,4.461796797655088,180000.0
sweep_c50_seed09,c50,both,both_tau12000,12000.0,9,766,0.855997969248622,31,10.333333333333334,0.22361660911311382,179.51612903225808,595.0,5645.707499226698,3,14.17628346831369,13.89541631639427,180000.0
sweep_c50_seed09,c50,fourap,fourap_00.0mM,0.0,9,766,0.27094574992747317,41,13.666666666666666,0.27908679870088515,146.82926829268294,295.0,4335.69374940542,9,4.0428075545356466,3.9971731630875187,180000.0
sweep_c50_seed09,c50,fourap,fourap_00.2mM,0.2,9,766,0.2703727879315347,37,12.333333333333334,0.2240138310634394,119.45945945945945,320.0,4863.988888217894,4,4.046473228280421,3.997105284906109,180000.0
sweep_c50_seed09,c50,fourap,fourap_00.5mM,0.5,9,766,0.27049608355091387,42,14.0,0.2456483899042646,120.11904761904762,325.0,3979.6054872819636,7,4.031991617803985,3.9970978996513846,180000.0
sweep_c50_seed09,c50,fourap,fourap_01.0mM,1.0,9,766,0.2698505947200464,37,12.333333333333334,0.21244090043045658,122.97297297297297,350.0,4699.918749365618,6,4.0286712401480855,3.9970551193624093,180000.0
sweep_c50_seed09,c50,fourap,fourap_02.0mM,2.0,9,766,0.2697853205686104,39,13.0,0.24121309499899576,130.76923076923077,265.0,4541.257894114504,4,4.033662412519978,3.997017997027826,180000.0
sweep_c50_seed09,c50,fourap,fourap_04.0mM,4.0,9,766,0.2714026689875254,41,13.666666666666666,0.3055785518690696,163.53658536585365,355.0,4231.3074994282715,15,4.035568718101522,3.9970176257861896,180000.0
sweep_c50_seed09,c50,fourap,fourap_09.0mM,9.0,9,766,0.2712503626341746,37,12.333333333333334,0.31264554371603975,171.0810810810811,450.0,4824.997916002788,16,4.028800631476864,3.9969958342358165,180000.0
sweep_c50_seed09,c50,sahp,sahp_s0.00,0.0,9,766,0.27094574992747317,41,13.666666666666666,0.27908679870088515,146.82926829268294,295.0,4335.69374940542,9,4.0428075545356466,3.9971731630875187,180000.0
sweep_c50_seed09,c50,kclear,kclear_tau00500,500.0,9,766,0.2707354221061793,38,12.666666666666666,0.2709907929091658,145.6578947368421,290.0,4399.625675098218,11,4.0952403375917035,3.9932145569831925,180000.0
sweep_c50_seed09,c50,sahp,sahp_s0.25,0.25,9,766,0.3646794313896141,53,17.666666666666668,0.3643775555446082,183.20754716981133,470.0,3341.64807646966,22,4.061879395822397,3.9988446936227606,180000.0
sweep_c50_seed09,c50,sahp,sahp_s0.50,0.5,9,766,0.5349796924862199,73,24.333333333333332,0.43520869845130367,194.5205479452055,440.0,2447.454513557239,45,4.091336286876782,4.0018594345863745,180000.0
sweep_c50_seed09,c50,sahp,sahp_s0.75,0.75,9,766,0.8920873223092544,87,29.0,0.6376909456498906,286.8965517241379,670.0,2059.7337206514217,78,4.149353284106066,4.008421394464091,180000.0
sweep_c50_seed09,c50,sahp,sahp_s1.00,1.0,9,766,1.6258703220191473,79,26.333333333333332,0.9194070793535378,414.49367088607596,685.0,2271.78525610244,73,4.224324016095078,4.027288626944192,180000.0
sweep_c50_seed09,c50,both,both_tau00500,500.0,9,766,1.6224107919930373,79,26.333333333333332,0.9323297088277093,404.62025316455697,765.0,2283.6647432816812,74,4.7656985879856455,4.0751150250065304,180000.0
sweep_c50_seed09,c50,kclear,kclear_tau01000,1000.0,9,766,0.26934290687554396,29,9.666666666666666,0.22229224813180878,118.44827586206897,285.0,6089.656249172697,4,4.25782027440609,3.9872502716087594,180000.0
sweep_c50_seed09,c50,both,both_tau01000,1000.0,9,766,1.0996953872932984,136,45.333333333333336,0.5609257410536016,435.1102941176471,835.0,1309.0111109347206,107,5.326644663125371,4.9302849929808055,180000.0
sweep_c50_seed09,c50,kclear,kclear_tau02500,2500.0,9,766,0.26884247171453435,29,9.666666666666666,0.2832448005762132,147.24137931034483,290.0,6147.207142015992,9,4.453463331342903,3.9715073059201944,180000.0
sweep_c50_seed09,c50,both,both_tau02500,2500.0,9,766,0.9034522773426168,47,15.666666666666666,0.22082106549636127,175.4255319148936,490.0,3667.9217386184027,6,7.660471438584508,7.592246860021244,180000.0
sweep_c50_seed09,c50,kclear,kclear_tau06000,6000.0,9,766,0.26484624310995064,39,13.0,0.2485773582379327,149.35897435897436,350.0,4278.781578385999,8,4.569650903546756,4.245521306448968,180000.0
sweep_c50_seed09,c50,both,both_tau06000,6000.0,9,766,0.8538729329852045,32,10.666666666666666,0.21450718015665798,173.59375,340.0,5610.807257314388,1,11.207474036511744,11.052269376506347,180000.0
sweep_c50_seed10,c50,kclear,kclear_tau00200,200.0,10,887,0.30222973819366156,35,11.666666666666666,0.4377194395232727,152.42857142857142,320.0,5145.986763995075,18,4.103262535794119,3.997610277500386,180000.0
sweep_c50_seed10,c50,both,both_tau00200,200.0,10,887,1.6956783164223976,76,25.333333333333332,0.9568177772503416,481.7763157894737,715.0,2384.293999677479,73,4.360143523265363,4.055221699912491,180000.0
sweep_c50_seed10,c50,kclear,kclear_tau12000,12000.0,10,887,0.2544156332205938,25,8.333333333333334,0.36121758737316795,186.4,425.0,6109.867707599437,15,5.8321518730886925,5.695617090755329,180000.0
sweep_c50_seed10,c50,both,both_tau12000,12000.0,10,887,0.7205060754102468,8,2.6666666666666665,0.11809470124013528,106.25,180.0,20432.4499965661,0,17.025676505133244,16.679839647620483,180000.0
sweep_c50_seed10,c50,fourap,fourap_00.0mM,0.0,10,887,0.30222973819366156,35,11.666666666666666,0.4377194395232727,152.42857142857142,320.0,5145.986763995075,18,4.103262535794119,3.997610277500386,180000.0
sweep_c50_seed10,c50,fourap,fourap_00.2mM,0.2,10,887,0.3060378303895779,28,9.333333333333334,0.5949830890642617,183.75,355.0,6280.2074065576835,22,4.108587550084915,3.9976731256547353,180000.0
sweep_c50_seed10,c50,fourap,fourap_00.5mM,0.5,10,887,0.3032819741951647,32,10.666666666666666,0.5213852874859076,178.75,355.0,5425.10322507778,22,4.094063208857062,3.9975876661740446,180000.0
sweep_c50_seed10,c50,fourap,fourap_01.0mM,1.0,10,887,0.31304647375673306,34,11.333333333333334,0.5463227004443266,163.8235294117647,320.0,5302.29242351005,23,4.101247850323995,3.997658157627698,180000.0
sweep_c50_seed10,c50,fourap,fourap_02.0mM,2.0,10,887,0.30698985343855695,34,11.333333333333334,0.4652165262948471,148.08823529411765,270.0,5288.2598477562515,19,4.107681448397915,3.9975953291335578,180000.0
sweep_c50_seed10,c50,fourap,fourap_04.0mM,4.0,10,887,0.30222973819366156,30,10.0,0.5081548290116497,161.66666666666666,280.0,5915.887930228922,19,4.093129477477224,3.997479808399379,180000.0
sweep_c50_seed10,c50,fourap,fourap_09.0mM,9.0,10,887,0.30687085055743457,31,10.333333333333334,0.5237298614394298,160.16129032258064,265.0,5766.653332542465,19,4.113423624067615,3.997555912481194,180000.0
sweep_c50_seed10,c50,sahp,sahp_s0.00,0.0,10,887,0.30222973819366156,35,11.666666666666666,0.4377194395232727,152.42857142857142,320.0,5145.986763995075,18,4.103262535794119,3.997610277500386,180000.0
sweep_c50_seed10,c50,kclear,kclear_tau00500,500.0,10,887,0.3062069397469623,27,9.0,0.5886675852853981,185.1851851851852,325.0,6635.099037553101,20,4.1868366320834145,3.994821485071842,180000.0
sweep_c50_seed10,c50,sahp,sahp_s0.25,0.25,10,887,0.46196292120756605,31,10.333333333333334,0.8866421791468159,196.4516129032258,305.0,5880.978332527261,30,4.137492049782347,4.000487333101336,180000.0
sweep_c50_seed10,c50,sahp,sahp_s0.50,0.5,10,887,0.6633220593761744,40,13.333333333333334,0.9124295377677566,210.625,300.0,4551.842948098394,38,4.178214574979348,4.006401725451957,180000.0
sweep_c50_seed10,c50,sahp,sahp_s0.75,0.75,10,887,1.0005198546912188,54,18.0,0.9277422856904254,291.6666666666667,525.0,3317.295282571929,51,4.222945414396956,4.019887222057221,180000.0
sweep_c50_seed10,c50,sahp,sahp_s1.00,1.0,10,887,1.6956783164223976,76,25.333333333333332,0.9568177772503416,481.7763157894737,715.0,2384.293999677479,73,4.360143523265363,4.055221699912491,180000.0
sweep_c50_seed10,c50,both,both_tau00500,500.0,10,887,1.6762620568708506,77,25.666666666666668,0.9625323943249537,396.6233766233766,660.0,2332.032565475901,75,5.059605078217968,4.156897810499981,180000.0
sweep_c50_seed10,c50,kclear,kclear_tau01000,1000.0,10,887,0.30338218714768883,24,8.0,0.6050826756858324,178.125,320.0,7469.719564196686,17,4.456543514652462,3.9909987631540234,180000.0
sweep_c50_seed10,c50,both,both_tau01000,1000.0,10,887,0.9947513466115495,151,50.333333333333336,0.3858231855275242,302.9139072847682,725.0,1182.9274998408403,83,5.698618040939776,5.3866553255554015,180000.0
sweep_c50_seed10,c50,kclear,kclear_tau02500,2500.0,10,887,0.3062319929850933,32,10.666666666666666,0.5168404735062007,160.0,330.0,5510.512902475873,22,4.781892919242723,3.997839419473949,180000.0
sweep_c50_seed10,c50,both,both_tau02500,2500.0,10,887,0.7828385318802454,14,4.666666666666667,0.14334031244966985,128.21428571428572,195.0,12717.690382772282,0,8.797057440609837,8.715583690877667,180000.0
sweep_c50_seed10,c50,kclear,kclear_tau06000,6000.0,10,887,0.2637730176625329,29,9.666666666666666,0.3356529176223613,172.24137931034483,430.0,6229.892856282378,11,4.996347600748977,4.914392433190108,180000.0
sweep_c50_seed10,c50,both,both_tau06000,6000.0,10,887,0.7260365777276713,3,1.0,0.1514468245020669,150.0,235.0,24537.824994286842,0,13.181665700023329,12.997203385155638,180000.0
