condition,neuron,population,rate_hz,tp_pre,fp_pre,tp_post,fp_post,predicted_out
normal,0,E2,1.6789,6,26,10,26,32
normal,1,E2,1.6856,8,18,17,17,26
normal,2,E2,1.64,4,18,13,25,22
normal,3,E2,1.3856,5,20,13,18,25
normal,4,E2,1.7122,6,17,12,22,23
normal,5,E2,1.5211,5,20,17,19,25
normal,6,E2,1.4889,5,8,14,19,13
normal,7,E2,1.4511,3,13,11,24,16
normal,8,E2,1.5278,8,15,14,27,23
normal,9,E2,1.5344,9,14,8,29,23
normal,10,E2,1.6489,4,29,14,24,33
normal,11,E2,1.5344,5,7,12,20,12
normal,12,E2,1.5178,3,14,15,15,17
normal,13,E2,1.4711,8,13,12,25,21
normal,14,E2,1.5033,9,33,8,24,42
normal,15,E2,1.6211,6,17,17,14,23
normal,16,E2,1.6178,7,11,14,23,18
normal,17,E2,1.4989,12,8,19,20,20
normal,18,E2,1.4556,7,9,17,29,16
normal,19,E2,1.5711,3,10,9,27,13
normal,20,E2,1.2856,4,18,15,15,22
normal,21,E2,1.5267,2,14,12,19,16
normal,22,E2,1.4678,7,17,15,23,24
normal,23,E2,1.53,4,18,16,22,22
normal,24,E2,1.3767,7,18,18,20,25
normal,25,E2,1.6433,4,14,15,17,18
normal,26,E2,1.6833,2,11,12,28,13
normal,27,E2,1.55,4,12,14,26,16
normal,28,E2,1.8611,10,21,9,27,31
normal,29,E2,1.5867,3,14,8,28,17
normal,30,E2,1.4667,5,22,13,22,27
normal,31,E2,1.4456,8,14,15,13,22
normal,32,E2,1.5444,3,8,11,25,11
normal,33,E2,1.5656,3,18,17,21,21
normal,34,E2,1.4633,3,22,17,20,25
normal,35,E2,1.8922,6,20,11,20,26
normal,36,E2,1.6356,3,10,7,30,13
normal,37,E2,1.6178,4,23,21,17,27
normal,38,E2,1.3378,4,2,8,18,6
normal,39,E2,1.2756,1,6,15,10,7
normal,40,E2,1.7033,4,22,15,23,26
normal,41,E2,1.5656,6,16,9,14,22
normal,42,E2,1.7389,10,14,15,24,24
normal,43,E2,1.2989,1,8,13,21,9
normal,44,E2,1.8078,3,12,13,24,15
normal,45,E2,1.5544,4,8,11,23,12
normal,46,E2,1.5811,7,11,16,19,18
normal,47,E2,1.4822,1,20,13,28,21
normal,48,E2,1.54,2,13,15,14,15
normal,49,E2,1.4989,10,29,12,28,39
normal,50,E2,1.4667,4,8,20,16,12
normal,51,E2,1.4611,2,23,14,19,25
normal,52,E2,1.5911,4,15,20,16,19
normal,53,E2,1.5989,5,15,9,14,20
normal,54,E2,1.5756,1,13,20,15,14
normal,55,E2,1.5389,3,7,14,16,10
normal,56,E2,1.6833,4,19,10,27,23
normal,57,E2,1.47,5,15,18,23,20
normal,58,E2,1.5933,2,12,9,31,14
normal,59,E2,1.4978,2,21,12,26,23
normal,60,E2,1.4822,3,13,14,24,16
normal,61,E2,1.4767,5,11,12,21,16
normal,62,E2,1.6067,1,17,11,23,18
normal,63,E2,1.63,6,16,18,21,22
normal,64,E2,1.3233,3,8,15,25,11
normal,65,I2,6.8022,53,57,17,20,110
normal,66,I2,6.6522,54,49,12,21,103
normal,67,I2,6.5733,41,55,16,16,96
normal,68,I2,6.1844,52,39,20,15,91
normal,69,I2,6.5467,45,41,16,18,86
normal,70,I2,6.1856,52,42,18,20,94
normal,71,I2,6.6478,55,63,14,15,118
normal,72,I2,7.1978,52,58,15,12,110
normal,73,I2,6.6156,53,46,17,10,99
normal,74,I2,6.7789,47,63,11,21,110
normal,75,I2,6.3022,39,46,15,16,85
normal,76,I2,6.9689,60,52,10,19,112
normal,77,I2,6.9722,56,65,16,18,121
normal,78,I2,6.6222,41,49,9,16,90
normal,79,I2,6.3556,38,53,7,16,91
normal,80,I2,6.7622,43,57,9,14,100
normal,81,I2,6.4944,51,47,14,15,98
normal,82,I2,6.7222,60,50,12,15,110
normal,83,I2,5.9078,46,53,19,17,99
normal,84,I2,6.9978,63,60,16,16,123
normal,85,I2,6.76,45,57,13,14,102
normal,86,I2,6.3478,50,52,9,16,102
normal,87,I2,6.8767,58,47,13,18,105
normal,88,I2,6.2867,46,55,14,26,101
normal,89,I2,6.33,46,48,15,14,94
normal,90,I2,6.3722,41,49,15,14,90
normal,91,I2,7.1878,53,65,14,13,118
normal,92,I2,6.3733,50,62,18,14,112
normal,93,I2,6.4056,47,65,10,21,112
normal,94,I2,7.2711,60,65,9,20,125
normal,95,I2,6.74,47,63,8,15,110
normal,96,I2,6.9289,57,57,13,17,114
normal,97,E5,1.5689,11,25,15,17,36
normal,98,E5,1.5067,1,17,7,24,18
normal,99,E5,1.6733,10,18,8,19,28
normal,100,E5,1.5367,10,19,11,19,29
normal,101,E5,1.57,5,12,7,27,17
normal,102,E5,1.5733,8,20,9,21,28
normal,103,E5,1.3344,2,12,3,29,14
normal,104,E5,1.6722,9,16,7,21,25
normal,105,E5,1.6589,8,15,4,16,23
normal,106,E5,1.7367,8,24,6,24,32
normal,107,E5,1.6033,4,24,11,20,28
normal,108,E5,1.4867,6,12,10,19,18
normal,109,E5,1.4478,6,13,8,26,19
normal,110,E5,1.5256,5,12,7,23,17
normal,111,E5,1.5722,4,19,10,28,23
normal,112,E5,1.3856,4,17,5,24,21
normal,113,E5,1.4611,8,19,8,25,27
normal,114,E5,1.5567,11,24,6,21,35
normal,115,E5,1.5467,9,26,8,16,35
normal,116,E5,1.7689,8,16,9,27,24
normal,117,E5,1.5233,11,20,3,26,31
normal,118,E5,1.5067,9,19,12,23,28
normal,119,E5,1.4289,7,25,15,16,32
normal,120,E5,1.5089,2,20,8,13,22
normal,121,E5,1.6811,11,21,14,21,32
normal,122,E5,1.4744,5,12,12,20,17
normal,123,E5,1.3667,1,9,8,15,10
normal,124,E5,1.82,11,23,13,26,34
normal,125,E5,1.49,6,17,11,19,23
normal,126,E5,1.6622,5,18,7,24,23
normal,127,E5,1.5733,4,18,8,19,22
normal,128,E5,1.5556,5,18,6,26,23
normal,129,E5,1.5522,8,13,10,20,21
normal,130,E5,1.5078,6,18,4,29,24
normal,131,E5,1.4944,5,15,6,16,20
normal,132,E5,1.6578,5,16,4,17,21
normal,133,E5,1.5011,5,12,6,18,17
normal,134,E5,1.4244,5,23,9,19,28
normal,135,E5,1.4533,9,23,4,26,32
normal,136,E5,1.6967,7,29,8,22,36
normal,137,E5,1.43,3,9,13,21,12
normal,138,E5,1.6922,4,19,7,18,23
normal,139,E5,1.6567,8,17,8,30,25
normal,140,E5,1.4567,4,14,15,17,18
normal,141,E5,1.4889,3,15,6,18,18
normal,142,E5,1.5189,9,19,11,13,28
normal,143,E5,1.69,7,13,13,19,20
normal,144,E5,1.2356,5,20,9,26,25
normal,145,E5,1.6089,2,15,9,23,17
normal,146,E5,1.4822,8,13,10,25,21
normal,147,E5,1.4244,2,16,7,25,18
normal,148,E5,1.4978,7,19,10,21,26
normal,149,E5,1.61,3,15,7,20,18
normal,150,E5,1.44,1,8,8,21,9
normal,151,E5,1.5678,4,19,11,15,23
normal,152,E5,1.6078,5,22,6,18,27
normal,153,E5,1.57,5,16,8,25,21
normal,154,E5,1.3233,1,17,10,25,18
normal,155,E5,1.41,7,19,10,25,26
normal,156,E5,1.6811,4,11,10,14,15
normal,157,E5,1.39,6,21,11,23,27
normal,158,E5,1.3089,4,19,10,23,23
normal,159,E5,1.5822,8,20,8,23,28
normal,160,E5,1.4222,4,16,6,21,20
normal,161,E5,1.5878,6,22,6,23,28
normal,162,E5,1.4978,6,15,9,19,21
normal,163,E5,1.5022,15,40,7,16,55
normal,164,E5,1.7356,12,33,6,8,45
normal,165,E5,1.7733,2,18,8,20,20
normal,166,E5,1.5733,5,8,13,20,13
normal,167,E5,1.6833,8,21,6,23,29
normal,168,E5,1.5611,3,23,11,19,26
normal,169,E5,1.5478,6,36,11,14,42
normal,170,E5,1.3489,7,33,5,33,40
normal,171,E5,1.4611,8,16,5,34,24
normal,172,E5,1.68,3,21,10,27,24
normal,173,E5,1.7844,8,16,13,22,24
normal,174,E5,1.3922,3,22,9,20,25
normal,175,E5,1.4267,4,13,7,22,17
normal,176,E5,1.56,8,18,9,22,26
normal,177,E5,1.6833,9,13,7,20,22
normal,178,E5,1.5567,3,14,12,22,17
normal,179,E5,1.7522,5,15,10,21,20
normal,180,E5,1.6211,5,26,13,20,31
normal,181,E5,1.5456,2,9,6,20,11
normal,182,E5,1.6511,5,18,5,24,23
normal,183,E5,1.6633,3,14,5,29,17
normal,184,E5,1.6611,3,9,6,22,12
normal,185,E5,1.5911,5,9,3,21,14
normal,186,E5,1.3989,3,10,6,18,13
normal,187,E5,1.6344,4,6,10,22,10
normal,188,E5,1.6611,3,36,3,25,39
normal,189,E5,1.68,5,15,12,17,20
normal,190,E5,1.5789,5,16,13,16,21
normal,191,E5,1.5278,7,13,5,21,20
normal,192,E5,1.4833,5,16,8,22,21
normal,193,E5,1.4122,3,25,7,24,28
normal,194,E5,1.8533,4,21,9,18,25
normal,195,E5,1.58,8,17,5,32,25
normal,196,E5,1.6767,6,8,11,26,14
normal,197,E5,1.6278,1,12,5,24,13
normal,198,E5,1.4756,8,14,8,25,22
normal,199,E5,1.5267,5,32,12,24,37
normal,200,E5,1.6511,1,5,15,16,6
normal,201,E5,1.3656,11,15,7,18,26
normal,202,E5,1.5489,4,17,7,20,21
normal,203,E5,1.5078,7,19,8,22,26
normal,204,E5,1.6144,8,23,12,19,31
normal,205,E5,1.7022,10,32,8,17,42
normal,206,E5,1.6944,6,26,7,23,32
normal,207,E5,1.5356,7,27,6,20,34
normal,208,E5,1.4822,4,11,6,26,15
normal,209,E5,1.3989,2,18,7,23,20
normal,210,E5,1.7056,6,18,4,24,24
normal,211,E5,1.3489,2,13,8,23,15
normal,212,E5,1.51,2,19,12,17,21
normal,213,E5,1.5733,7,22,8,11,29
normal,214,E5,1.5967,2,8,9,22,10
normal,215,E5,1.6378,6,23,9,32,29
normal,216,E5,1.4744,9,19,12,13,28
normal,217,E5,1.5522,0,5,6,21,5
normal,218,E5,1.3244,6,21,5,15,27
normal,219,E5,1.5622,8,14,8,24,22
normal,220,E5,1.7078,3,18,8,24,21
normal,221,E5,1.5244,8,23,7,26,31
normal,222,E5,1.6711,6,15,10,27,21
normal,223,E5,1.5222,7,19,6,22,26
normal,224,E5,1.6044,6,26,8,13,32
normal,225,E5,1.55,1,6,4,22,7
normal,226,E5,1.62,7,25,6,26,32
normal,227,E5,1.6067,10,22,6,18,32
normal,228,E5,1.5433,8,19,9,15,27
normal,229,E5,1.6989,5,26,6,26,31
normal,230,E5,1.6289,8,28,8,18,36
normal,231,E5,1.6744,5,18,6,23,23
normal,232,E5,1.6011,7,22,7,19,29
normal,233,E5,1.5844,10,24,17,20,34
normal,234,E5,1.5533,5,20,5,21,25
normal,235,E5,1.5689,7,25,12,17,32
normal,236,E5,1.4656,3,16,5,25,19
normal,237,E5,1.3956,2,11,11,27,13
normal,238,E5,1.44,3,4,11,16,7
normal,239,E5,1.5167,2,11,5,19,13
normal,240,E5,1.4756,3,13,13,23,16
normal,241,E5,1.3811,4,14,14,20,18
normal,242,E5,1.5056,8,13,12,23,21
normal,243,E5,1.6278,6,11,11,21,17
normal,244,E5,1.7344,11,24,13,19,35
normal,245,E5,1.4722,2,17,11,29,19
normal,246,E5,1.5789,6,13,7,24,19
normal,247,E5,1.3656,7,26,7,26,33
normal,248,E5,1.3644,2,15,14,22,17
normal,249,E5,1.5811,6,17,6,21,23
normal,250,E5,1.6933,2,12,10,18,14
normal,251,E5,1.6356,8,16,6,24,24
normal,252,E5,1.2633,3,8,10,20,11
normal,253,E5,1.6744,7,15,9,16,22
normal,254,E5,1.5078,8,22,7,29,30
normal,255,E5,1.3389,3,12,14,24,15
normal,256,E5,1.7011,15,38,8,20,53
normal,257,E5,1.5778,3,12,9,31,15
normal,258,E5,1.6356,7,13,4,30,20
normal,259,E5,1.5256,0,11,12,21,11
normal,260,E5,1.6633,5,24,6,24,29
normal,261,E5,1.38,5,19,16,14,24
normal,262,E5,1.4344,4,9,11,22,13
normal,263,E5,1.5211,5,12,7,15,17
normal,264,E5,1.4156,2,23,8,20,25
normal,265,E5,1.4756,8,13,11,19,21
normal,266,E5,1.5944,7,13,6,24,20
normal,267,E5,1.5922,5,13,8,27,18
normal,268,E5,1.6556,5,21,10,17,26
normal,269,E5,1.4856,6,11,5,20,17
normal,270,E5,1.5789,8,18,14,23,26
normal,271,E5,1.6678,10,29,8,28,39
normal,272,E5,1.5156,7,27,12,20,34
normal,273,E5,1.4078,3,18,3,16,21
normal,274,E5,1.6889,8,18,6,27,26
normal,275,E5,1.3489,5,12,8,18,17
normal,276,E5,1.5889,3,29,9,21,32
normal,277,E5,1.4044,4,21,8,22,25
normal,278,E5,1.3933,8,7,9,20,15
normal,279,E5,1.5867,3,8,7,19,11
normal,280,E5,1.4344,2,12,5,20,14
normal,281,E5,1.6967,6,22,8,21,28
normal,282,E5,1.4433,2,16,13,20,18
normal,283,E5,1.3222,4,6,9,30,10
normal,284,E5,1.7067,12,40,17,16,52
normal,285,E5,1.5378,8,24,4,32,32
normal,286,E5,1.3522,5,7,7,25,12
normal,287,E5,1.5789,10,14,14,21,24
normal,288,E5,1.3856,5,18,6,26,23
normal,289,E5,1.6111,10,22,6,15,32
normal,290,E5,1.5356,4,14,6,20,18
normal,291,E5,1.4211,2,11,6,22,13
normal,292,E5,1.63,4,18,10,19,22
normal,293,E5,1.6689,8,24,9,25,32
normal,294,E5,1.8167,7,30,6,25,37
normal,295,E5,1.4411,7,22,10,17,29
normal,296,E5,1.5489,8,8,11,30,16
normal,297,E5,1.4644,6,8,13,25,14
normal,298,E5,1.36,2,13,11,17,15
normal,299,E5,1.6333,10,22,4,18,32
normal,300,E5,1.7356,9,33,17,27,42
normal,301,E5,1.4267,6,13,11,16,19
normal,302,E5,1.3722,6,16,8,21,22
mauve,0,E2,2.1622,10,4,10,7,14
mauve,1,E2,2.1656,23,20,15,11,43
mauve,2,E2,2.1644,14,6,16,12,20
mauve,3,E2,2.12,1,3,10,5,4
mauve,4,E2,2.1656,16,6,13,9,22
mauve,5,E2,2.1644,20,7,14,7,27
mauve,6,E2,2.1667,20,8,10,14,28
mauve,7,E2,2.1622,4,2,14,10,6
mauve,8,E2,2.1567,0,5,8,7,5
mauve,9,E2,2.15,4,2,14,5,6
mauve,10,E2,2.1644,17,6,13,9,23
mauve,11,E2,2.1644,18,4,13,7,22
mauve,12,E2,2.1644,24,9,13,8,33
mauve,13,E2,2.1556,4,3,9,7,7
mauve,14,E2,2.1567,4,7,11,5,11
mauve,15,E2,2.1644,22,14,16,15,36
mauve,16,E2,2.1644,15,7,13,18,22
mauve,17,E2,2.1644,35,18,15,8,53
mauve,18,E2,2.1611,9,2,14,6,11
mauve,19,E2,2.1578,12,1,11,9,13
mauve,20,E2,2.1044,1,14,7,5,15
mauve,21,E2,2.1478,5,1,13,4,6
mauve,22,E2,2.1478,9,3,14,10,12
mauve,23,E2,2.1589,7,5,9,10,12
mauve,24,E2,2.1611,15,6,14,7,21
mauve,25,E2,2.1667,16,53,14,19,69
mauve,26,E2,2.1667,25,24,16,14,49
mauve,27,E2,2.1667,19,9,13,9,28
mauve,28,E2,2.1656,9,16,13,18,25
mauve,29,E2,2.16,12,6,12,12,18
mauve,30,E2,2.1489,3,9,9,9,12
mauve,31,E2,2.1578,4,3,10,9,7
mauve,32,E2,2.1533,2,3,15,6,5
mauve,33,E2,2.1667,28,14,12,15,42
mauve,34,E2,2.1556,2,3,10,6,5
mauve,35,E2,2.1678,13,25,7,15,38
mauve,36,E2,2.1644,5,1,7,6,6
mauve,37,E2,2.1667,32,18,12,14,50
mauve,38,E2,2.0567,0,9,6,8,9
mauve,39,E2,2.0911,2,11,10,2,13
mauve,40,E2,2.1667,13,12,12,13,25
mauve,41,E2,2.16,6,3,11,8,9
mauve,42,E2,2.1667,20,21,17,17,41
mauve,43,E2,2.1411,3,4,18,6,7
mauve,44,E2,2.1667,18,19,10,11,37
mauve,45,E2,2.16,20,4,12,5,24
mauve,46,E2,2.1667,22,16,10,14,38
mauve,47,E2,2.1522,5,5,10,9,10
mauve,48,E2,2.1556,3,1,13,7,4
mauve,49,E2,2.1556,3,4,11,4,7
mauve,50,E2,2.1633,29,5,19,5,34
mauve,51,E2,2.1611,12,5,13,9,17
mauve,52,E2,2.1656,24,10,12,14,34
mauve,53,E2,2.1633,6,3,15,6,9
mauve,54,E2,2.1644,30,39,11,15,69
mauve,55,E2,2.1644,18,6,12,9,24
mauve,56,E2,2.1633,15,0,12,9,15
mauve,57,E2,2.1644,22,7,17,12,29
mauve,58,E2,2.1556,9,3,11,10,12
mauve,59,E2,2.1633,3,4,14,5,7
mauve,60,E2,2.1544,12,2,13,9,14
mauve,61,E2,2.1478,2,3,14,5,5
mauve,62,E2,2.1656,10,4,8,11,14
mauve,63,E2,2.1667,25,8,12,11,33
mauve,64,E2,2.0822,1,11,9,8,12
mauve,65,I2,7.7578,2,5,2,9,7
mauve,66,I2,7.1422,1,13,1,13,14
mauve,67,I2,7.3711,1,12,2,7,13
mauve,68,I2,6.9389,1,20,3,5,21
mauve,69,I2,7.2656,1,12,2,9,13
mauve,70,I2,6.74,1,6,2,11,7
mauve,71,I2,7.4945,0,15,2,8,15
mauve,72,I2,8.1833,0,6,5,11,6
mauve,73,I2,7.2911,0,4,6,7,4
mauve,74,I2,7.6111,1,6,5,10,7
mauve,75,I2,6.9278,2,13,3,8,15
mauve,76,I2,7.7256,1,15,3,5,16
mauve,77,I2,7.84,0,6,6,5,6
mauve,78,I2,7.4711,0,8,1,10,8
mauve,79,I2,6.8667,2,8,3,11,10
mauve,80,I2,7.4656,1,11,6,9,12
mauve,81,I2,7.2378,3,8,3,11,11
mauve,82,I2,7.2711,1,14,1,13,15
mauve,83,I2,6.4322,0,15,4,9,15
mauve,84,I2,7.8567,1,4,4,8,5
mauve,85,I2,7.4478,2,14,1,11,16
mauve,86,I2,6.9911,2,9,4,12,11
mauve,87,I2,7.8011,2,14,6,11,16
mauve,88,I2,6.7422,3,15,0,11,18
mauve,89,I2,6.9689,2,8,1,8,10
mauve,90,I2,7.2356,1,8,4,8,9
mauve,91,I2,8.1078,1,9,3,4,10
mauve,92,I2,7.02,1,20,0,8,21
mauve,93,I2,6.7589,1,15,3,15,16
mauve,94,I2,8.0,1,9,2,10,10
mauve,95,I2,7.1411,0,12,0,13,12
mauve,96,I2,7.8178,0,11,6,5,11
mauve,97,E5,2.1633,32,16,16,15,48
mauve,98,E5,2.1533,4,3,11,6,7
mauve,99,E5,2.1656,26,14,13,9,40
mauve,100,E5,2.1622,16,3,12,9,19
mauve,101,E5,2.1644,15,9,15,11,24
mauve,102,E5,2.1667,29,11,15,12,40
mauve,103,E5,2.1422,5,6,12,9,11
mauve,104,E5,2.1644,11,6,16,10,17
mauve,105,E5,2.1633,12,7,12,8,19
mauve,106,E5,2.1667,26,16,16,22,42
mauve,107,E5,2.1667,30,31,15,19,61
mauve,108,E5,2.1633,9,3,15,10,12
mauve,109,E5,2.1633,9,6,15,8,15
mauve,110,E5,2.1411,1,3,9,3,4
mauve,111,E5,2.1644,23,18,14,7,41
mauve,112,E5,2.1244,2,6,8,4,8
mauve,113,E5,2.1622,17,6,12,13,23
mauve,114,E5,2.1611,12,4,11,4,16
mauve,115,E5,2.1656,38,23,13,14,61
mauve,116,E5,2.1667,19,21,9,16,40
mauve,117,E5,2.1656,24,9,12,12,33
mauve,118,E5,2.16,15,2,14,17,17
mauve,119,E5,2.1644,26,12,16,11,38
mauve,120,E5,2.1611,14,5,17,8,19
mauve,121,E5,2.1667,21,31,18,14,52
mauve,122,E5,2.1622,16,4,13,7,20
mauve,123,E5,2.1578,15,4,17,7,19
mauve,124,E5,2.1667,16,33,14,11,49
mauve,125,E5,2.1667,23,26,15,12,49
mauve,126,E5,2.1611,12,3,14,7,15
mauve,127,E5,2.1644,8,3,14,5,11
mauve,128,E5,2.1589,17,6,7,12,23
mauve,129,E5,2.1611,21,6,8,11,27
mauve,130,E5,2.1522,17,4,14,5,21
mauve,131,E5,2.1578,2,5,13,3,7
mauve,132,E5,2.1656,12,6,14,7,18
mauve,133,E5,2.1589,5,3,14,6,8
mauve,134,E5,2.1378,3,1,17,8,4
mauve,135,E5,2.1389,3,6,15,2,9
mauve,136,E5,2.1644,14,7,16,11,21
mauve,137,E5,2.1622,18,4,17,8,22
mauve,138,E5,2.1633,9,7,13,6,16
mauve,139,E5,2.1667,20,8,17,12,28
mauve,140,E5,2.1667,28,18,18,17,46
mauve,141,E5,2.1611,15,6,19,7,21
mauve,142,E5,2.1644,21,9,18,8,30
mauve,143,E5,2.1656,25,17,15,14,42
mauve,144,E5,2.1233,1,22,14,4,23
mauve,145,E5,2.16,9,6,12,6,15
mauve,146,E5,2.1467,5,3,16,4,8
mauve,147,E5,2.1333,0,7,13,6,7
mauve,148,E5,2.1622,11,8,17,6,19
mauve,149,E5,2.1533,2,3,14,9,5
mauve,150,E5,2.1467,7,4,12,8,11
mauve,151,E5,2.1667,21,14,15,18,35
mauve,152,E5,2.1656,17,11,19,10,28
mauve,153,E5,2.1644,35,13,12,8,48
mauve,154,E5,2.1578,9,9,13,11,18
mauve,155,E5,2.1456,6,13,7,8,19
mauve,156,E5,2.1667,23,27,16,18,50
mauve,157,E5,2.1311,2,14,8,11,16
mauve,158,E5,2.1278,2,11,16,4,13
mauve,159,E5,2.16,8,3,16,7,11
mauve,160,E5,2.1522,5,5,14,8,10
mauve,161,E5,2.1656,25,8,17,14,33
mauve,162,E5,2.1611,5,2,17,6,7
mauve,163,E5,2.1622,22,14,16,11,36
mauve,164,E5,2.1656,26,25,19,9,51
mauve,165,E5,2.1667,22,36,16,16,58
mauve,166,E5,2.1667,27,14,17,13,41
mauve,167,E5,2.1667,25,17,17,16,42
mauve,168,E5,2.1667,19,7,14,6,26
mauve,169,E5,2.1644,25,10,13,12,35
mauve,170,E5,2.1378,1,19,11,2,20
mauve,171,E5,2.1644,8,4,15,5,12
mauve,172,E5,2.1667,25,26,16,17,51
mauve,173,E5,2.1667,31,28,9,20,59
mauve,174,E5,2.1611,13,14,14,14,27
mauve,175,E5,2.1633,19,8,19,5,27
mauve,176,E5,2.1656,32,13,14,10,45
mauve,177,E5,2.1644,19,9,13,12,28
mauve,178,E5,2.1656,22,12,12,15,34
mauve,179,E5,2.1678,21,20,20,10,41
mauve,180,E5,2.1667,11,4,12,11,15
mauve,181,E5,2.1667,24,9,20,7,33
mauve,182,E5,2.1622,11,3,15,7,14
mauve,183,E5,2.1656,14,18,14,15,32
mauve,184,E5,2.1644,15,2,15,9,17
mauve,185,E5,2.1656,15,7,16,10,22
mauve,186,E5,2.1567,11,2,16,4,13
mauve,187,E5,2.1611,13,8,17,7,21
mauve,188,E5,2.1622,10,6,14,14,16
mauve,189,E5,2.1656,34,31,17,6,65
mauve,190,E5,2.1667,20,10,17,14,30
mauve,191,E5,2.1533,4,5,14,5,9
mauve,192,E5,2.1656,15,8,11,17,23
mauve,193,E5,2.1122,1,9,9,2,10
mauve,194,E5,2.1667,15,33,14,17,48
mauve,195,E5,2.1544,3,2,11,3,5
mauve,196,E5,2.1667,23,9,13,16,32
mauve,197,E5,2.1656,27,12,13,12,39
mauve,198,E5,2.1578,3,4,12,3,7
mauve,199,E5,2.1678,14,19,17,17,33
mauve,200,E5,2.1644,15,6,16,8,21
mauve,201,E5,2.14,4,11,15,4,15
mauve,202,E5,2.1622,15,3,12,8,18
mauve,203,E5,2.1644,17,4,16,11,21
mauve,204,E5,2.1633,20,9,15,11,29
mauve,205,E5,2.1667,23,33,15,18,56
mauve,206,E5,2.1667,11,6,14,8,17
mauve,207,E5,2.1511,6,3,13,10,9
mauve,208,E5,2.1511,4,2,9,12,6
mauve,209,E5,2.1067,1,11,11,5,12
mauve,210,E5,2.1644,9,3,9,18,12
mauve,211,E5,2.1322,5,5,11,4,10
mauve,212,E5,2.15,5,3,8,9,8
mauve,213,E5,2.16,4,6,10,5,10
mauve,214,E5,2.1667,22,15,15,8,37
mauve,215,E5,2.1667,22,12,12,18,34
mauve,216,E5,2.1567,6,2,13,11,8
mauve,217,E5,2.1578,2,1,13,4,3
mauve,218,E5,2.1489,7,5,8,8,12
mauve,219,E5,2.1622,18,9,13,13,27
mauve,220,E5,2.1633,5,2,13,3,7
mauve,221,E5,2.1578,2,7,13,8,9
mauve,222,E5,2.1667,16,16,14,16,32
mauve,223,E5,2.1589,16,9,14,11,25
mauve,224,E5,2.1667,17,13,19,9,30
mauve,225,E5,2.1578,1,1,14,6,2
mauve,226,E5,2.1656,14,4,17,11,18
mauve,227,E5,2.1622,12,6,12,7,18
mauve,228,E5,2.1622,11,3,20,10,14
mauve,229,E5,2.1667,20,23,14,11,43
mauve,230,E5,2.1622,5,5,14,8,10
mauve,231,E5,2.1667,27,20,14,10,47
mauve,232,E5,2.1644,15,6,19,5,21
mauve,233,E5,2.1622,14,9,17,14,23
mauve,234,E5,2.1556,5,4,9,7,9
mauve,235,E5,2.1644,23,5,17,11,28
mauve,236,E5,2.1578,7,8,9,10,15
mauve,237,E5,2.1544,4,2,16,7,6
mauve,238,E5,2.1622,5,1,13,9,6
mauve,239,E5,2.1556,6,1,14,4,7
mauve,240,E5,2.1578,8,4,15,4,12
mauve,241,E5,2.1456,2,6,16,7,8
mauve,242,E5,2.1644,19,4,16,13,23
mauve,243,E5,2.1633,22,6,12,16,28
mauve,244,E5,2.1656,24,26,14,11,50
mauve,245,E5,2.1589,2,6,18,5,8
mauve,246,E5,2.1522,4,4,9,4,8
mauve,247,E5,2.1311,3,24,13,2,27
mauve,248,E5,2.0767,1,14,10,10,15
mauve,249,E5,2.1644,13,5,13,11,18
mauve,250,E5,2.1667,18,11,15,13,29
mauve,251,E5,2.1622,7,2,12,8,9
mauve,252,E5,2.0956,0,11,7,7,11
mauve,253,E5,2.1633,25,3,15,12,28
mauve,254,E5,2.1533,2,9,15,3,11
mauve,255,E5,2.1367,1,12,13,3,13
mauve,256,E5,2.1644,17,9,12,7,26
mauve,257,E5,2.1611,6,1,14,11,7
mauve,258,E5,2.1589,8,4,8,8,12
mauve,259,E5,2.1644,15,11,17,8,26
mauve,260,E5,2.1633,12,7,16,14,19
mauve,261,E5,2.1633,21,10,11,11,31
mauve,262,E5,2.1589,4,4,11,10,8
mauve,263,E5,2.1656,19,4,15,4,23
mauve,264,E5,2.1567,14,5,16,7,19
mauve,265,E5,2.1656,31,6,11,10,37
mauve,266,E5,2.1611,19,9,10,10,28
mauve,267,E5,2.1644,21,7,19,10,28
mauve,268,E5,2.1644,27,9,14,13,36
mauve,269,E5,2.1411,4,1,13,8,5
mauve,270,E5,2.1656,29,14,15,17,43
mauve,271,E5,2.1656,19,15,12,10,34
mauve,272,E5,2.1667,20,6,16,10,26
mauve,273,E5,2.1544,3,10,10,10,13
mauve,274,E5,2.1656,22,9,17,18,31
mauve,275,E5,2.1556,5,4,13,7,9
mauve,276,E5,2.1644,14,9,17,11,23
mauve,277,E5,2.1367,0,11,13,7,11
mauve,278,E5,2.1578,22,12,17,11,34
mauve,279,E5,2.1622,11,1,13,12,12
mauve,280,E5,2.1533,6,2,6,7,8
mauve,281,E5,2.1667,23,8,13,15,31
mauve,282,E5,2.1544,9,4,19,5,13
mauve,283,E5,2.1356,7,7,12,6,14
mauve,284,E5,2.1656,27,49,17,16,76
mauve,285,E5,2.1678,26,6,12,12,32
mauve,286,E5,2.1389,2,5,7,10,7
mauve,287,E5,2.1656,15,7,13,11,22
mauve,288,E5,2.13,3,5,11,8,8
mauve,289,E5,2.1644,29,7,14,10,36
mauve,290,E5,2.1656,14,4,13,9,18
mauve,291,E5,2.1533,3,2,13,6,5
mauve,292,E5,2.1667,13,12,14,13,25
mauve,293,E5,2.1667,36,19,16,17,55
mauve,294,E5,2.1656,25,35,17,13,60
mauve,295,E5,2.1578,10,4,16,11,14
mauve,296,E5,2.1611,12,2,16,7,14
mauve,297,E5,2.1656,10,6,18,7,16
mauve,298,E5,2.1322,3,1,14,10,4
mauve,299,E5,2.1667,27,11,14,11,38
mauve,300,E5,2.1667,29,28,13,13,57
mauve,301,E5,2.1667,26,8,15,9,34
mauve,302,E5,2.1233,2,12,9,6,14
