n_recordings,minutes,nominal_target_fdr,realized_fdr,estimated_fdr,threshold,n_pred,TP,precision,recall,f1
10,10,0.10,0.00100604,0.0995976,0.0687434,994,993,0.998994,0.120774,0.215495
10,10,0.20,0.00712435,0.199725,0.0557439,1544,1533,0.992876,0.186451,0.313946
10,10,0.30,0.0287194,0.299553,0.0476171,2124,2063,0.971281,0.250912,0.398801
10,10,0.40,0.0750929,0.399907,0.0421036,2690,2488,0.924907,0.302603,0.456012
10,10,0.50,0.128641,0.499924,0.0379136,3296,2872,0.871359,0.349307,0.498698
10,10,0.60,0.201244,0.599904,0.0340561,4179,3338,0.798756,0.405984,0.538344
10,10,0.70,0.294339,0.699713,0.0307621,5317,3752,0.705661,0.456337,0.554251
10,10,0.80,0.40982,0.799711,0.0273518,7169,4231,0.59018,0.514595,0.549802
10,10,0.90,0.541245,0.899928,0.023784,10365,4755,0.458755,0.578326,0.511648
10,10,1.00,0.985671,0.999998,-0.0525577,573806,8222,0.0143289,1,0.0282529
20,20,0.10,0.00359454,0.0995687,0.0570562,1391,1386,0.996405,0.168572,0.28836
20,20,0.20,0.00795508,0.199988,0.0455614,2137,2120,0.992045,0.257845,0.409306
20,20,0.30,0.0209278,0.298832,0.0382222,2867,2807,0.979072,0.341401,0.506267
20,20,0.40,0.0455543,0.39987,0.0328219,3644,3478,0.954446,0.423011,0.586213
20,20,0.50,0.0808656,0.499687,0.0290051,4390,4035,0.919134,0.490757,0.639867
20,20,0.60,0.13327,0.599929,0.0259445,5245,4546,0.86673,0.552907,0.675132
20,20,0.70,0.208228,0.699901,0.0233187,6320,5004,0.791772,0.608611,0.688213
20,20,0.80,0.308764,0.79982,0.0207925,7896,5458,0.691236,0.663829,0.677255
20,20,0.90,0.430265,0.899771,0.018294,10375,5911,0.569735,0.718925,0.635694
20,20,1.00,0.985671,1,-0.0512348,573806,8222,0.0143289,1,0.0282529
30,30,0.10,0,0.0999003,0.0534795,1504,1504,1,0.182924,0.309274
30,30,0.20,0.00344382,0.199796,0.0420742,2323,2315,0.996556,0.281562,0.439071
30,30,0.30,0.0132267,0.299869,0.0341642,3251,3208,0.986773,0.390173,0.559226
30,30,0.40,0.0297965,0.399861,0.0290447,4128,4005,0.970203,0.487108,0.648583
30,30,0.50,0.0633219,0.499848,0.0253856,4943,4630,0.936678,0.563123,0.70338
30,30,0.60,0.109364,0.599862,0.0225301,5788,5155,0.890636,0.626976,0.735903
30,30,0.70,0.162836,0.699851,0.0202728,6700,5609,0.837164,0.682194,0.751776
30,30,0.80,0.227424,0.799833,0.0183039,7796,6023,0.772576,0.732547,0.752029
30,30,0.90,0.326353,0.899932,0.0162818,9551,6434,0.673647,0.782535,0.72402
30,30,1.00,0.985671,1,-0.0452361,573806,8222,0.0143289,1,0.0282529
40,40,0.10,0,0.0998342,0.0509706,1659,1659,1,0.201776,0.335796
40,40,0.20,0.00287711,0.199959,0.0405705,2433,2426,0.997123,0.295062,0.455373
40,40,0.30,0.00908059,0.299943,0.0321921,3524,3492,0.990919,0.424714,0.594585
40,40,0.40,0.0249606,0.39968,0.0270879,4447,4336,0.975039,0.527366,0.684505
40,40,0.50,0.0523442,0.5,0.0233514,5311,5033,0.947656,0.612138,0.743811
40,40,0.60,0.0862297,0.59945,0.0208012,6042,5521,0.91377,0.671491,0.774117
40,40,0.70,0.138651,0.699864,0.0185157,6996,6026,0.861349,0.732912,0.791957
40,40,0.80,0.201892,0.799742,0.0166621,8034,6412,0.798108,0.779859,0.788878
40,40,0.90,0.289753,0.9,0.014878,9515,6758,0.710247,0.821941,0.762023
40,40,1.00,0.985671,1,-0.043304,573806,8222,0.0143289,1,0.0282529
50,50,0.10,0,0.0998954,0.0503197,1673,1673,1,0.203478,0.338151
50,50,0.20,0.002331,0.199689,0.0393542,2574,2568,0.997669,0.312333,0.475732
50,50,0.30,0.00593152,0.299238,0.0311614,3709,3687,0.994068,0.448431,0.618054
50,50,0.40,0.0190415,0.399845,0.0258476,4674,4585,0.980958,0.55765,0.711073
50,50,0.50,0.0414489,0.499887,0.0221694,5549,5319,0.958551,0.646923,0.772493
50,50,0.60,0.0738807,0.599885,0.0195941,6321,5854,0.926119,0.711992,0.805061
50,50,0.70,0.115374,0.699726,0.0175194,7116,6295,0.884626,0.765629,0.820837
50,50,0.80,0.168873,0.799869,0.0157996,8006,6654,0.831127,0.809292,0.820064
50,50,0.90,0.245133,0.899402,0.0142044,9195,6941,0.754867,0.844198,0.797037
50,50,1.00,0.985671,1,-0.0373545,573806,8222,0.0143289,1,0.0282529
60,60,0.10,0,0.0998367,0.0497858,1684,1684,1,0.204816,0.339996
60,60,0.20,0.00114025,0.199971,0.0387747,2631,2628,0.99886,0.31963,0.48429
60,60,0.30,0.00578947,0.299967,0.0304293,3800,3778,0.994211,0.459499,0.628514
60,60,0.40,0.0164601,0.399665,0.0246833,4921,4840,0.98354,0.588665,0.736514
60,60,0.50,0.0369023,0.499502,0.0212186,5772,5559,0.963098,0.676113,0.794483
60,60,0.60,0.0690553,0.599793,0.0186708,6531,6080,0.930945,0.739479,0.824239
60,60,0.70,0.105967,0.699962,0.0167417,7257,6488,0.894033,0.789102,0.838297
60,60,0.80,0.158101,0.799721,0.0150435,8153,6864,0.841899,0.834833,0.838351
60,60,0.90,0.224101,0.899924,0.0135376,9228,7160,0.775899,0.870834,0.82063
60,60,1.00,0.985671,1,-0.0427256,573806,8222,0.0143289,1,0.0282529
80,80,0.10,0,0.0996718,0.0486432,1752,1752,1,0.213087,0.351313
80,80,0.20,0.000737735,0.199834,0.0379339,2711,2709,0.999262,0.329482,0.495564
80,80,0.30,0.00466716,0.299957,0.0289406,4071,4052,0.995333,0.492824,0.659237
80,80,0.40,0.0129794,0.4,0.0236435,5085,5019,0.987021,0.610435,0.75434
80,80,0.50,0.0271049,0.499958,0.020201,5903,5743,0.972895,0.698492,0.813168
80,80,0.60,0.0533691,0.599247,0.0176084,6708,6350,0.946631,0.772318,0.850636
80,80,0.70,0.0870741,0.69999,0.0157093,7396,6752,0.912926,0.821211,0.864643
80,80,0.80,0.12794,0.79984,0.0141538,8121,7082,0.87206,0.861348,0.866671
80,80,0.90,0.179378,0.899897,0.0127924,8942,7338,0.820622,0.892484,0.855045
80,80,1.00,0.985671,1,-0.0348118,573806,8222,0.0143289,1,0.0282529
100,100,0.10,0,0.0998073,0.0477036,1816,1816,1,0.220871,0.361825
100,100,0.20,0.000356252,0.199813,0.0372047,2807,2806,0.999644,0.341279,0.50884
100,100,0.30,0.00318706,0.299798,0.0287677,4079,4066,0.996813,0.494527,0.661084
100,100,0.40,0.0124164,0.399857,0.0229403,5235,5170,0.987584,0.628801,0.768373
100,100,0.50,0.0247379,0.499631,0.0194364,6104,5953,0.975262,0.724033,0.831076
100,100,0.60,0.0473071,0.598472,0.016927,6870,6545,0.952693,0.796035,0.867347
100,100,0.70,0.0695793,0.699552,0.015196,7416,6900,0.930421,0.839212,0.882466
100,100,0.80,0.109354,0.7989,0.0136841,8093,7208,0.890646,0.876672,0.883604
100,100,0.90,0.15434,0.899634,0.0123154,8870,7501,0.84566,0.912308,0.877721
100,100,1.00,0.985671,1,-0.03401,573806,8222,0.0143289,1,0.0282529
120,120,0.10,0,0.0995457,0.0470946,1871,1871,1,0.22756,0.370752
120,120,0.20,0,0.199851,0.0368688,2844,2844,1,0.345901,0.514007
120,120,0.30,0.00258763,0.299841,0.0279163,4251,4240,0.997412,0.51569,0.679869
120,120,0.40,0.0108452,0.399892,0.0223468,5348,5290,0.989155,0.643396,0.779661
120,120,0.50,0.0213552,0.49986,0.0189302,6228,6095,0.978645,0.741304,0.843599
120,120,0.60,0.0397456,0.599906,0.0165691,6919,6644,0.960254,0.808076,0.877617
120,120,0.70,0.0650762,0.69947,0.0147713,7545,7054,0.934924,0.857942,0.89478
120,120,0.80,0.0938235,0.799759,0.0133473,8079,7321,0.906177,0.890416,0.898227
120,120,0.90,0.133288,0.899891,0.0120799,8748,7582,0.866712,0.92216,0.893577
120,120,1.00,0.985671,1,-0.0332384,573806,8222,0.0143289,1,0.0282529
140,140,0.10,0,0.0999193,0.0469905,1859,1859,1,0.226101,0.368813
140,140,0.20,0,0.199896,0.0366362,2884,2884,1,0.350766,0.519359
140,140,0.30,0.00306531,0.299988,0.0279068,4241,4228,0.996935,0.51423,0.678488
140,140,0.40,0.00876866,0.399557,0.0222878,5360,5313,0.991231,0.646193,0.782359
140,140,0.50,0.0196047,0.499618,0.0187409,6223,6101,0.980395,0.742034,0.844721
140,140,0.60,0.0359794,0.599764,0.0162383,7004,6752,0.964021,0.821211,0.886904
140,140,0.70,0.0601079,0.699707,0.01445,7603,7146,0.939892,0.869132,0.903128
140,140,0.80,0.0876827,0.799997,0.013029,8143,7429,0.912317,0.903551,0.907913
140,140,0.90,0.126399,0.899421,0.0117719,8758,7651,0.873601,0.930552,0.901178
140,140,1.00,0.985671,1,-0.0331368,573806,8222,0.0143289,1,0.0282529
160,160,0.10,0,0.0997888,0.0464574,1894,1894,1,0.230358,0.374456
160,160,0.20,0,0.199897,0.0364619,2904,2904,1,0.353199,0.52202
160,160,0.30,0.00231535,0.299896,0.0275539,4319,4309,0.997685,0.524082,0.687186
160,160,0.40,0.00722892,0.399954,0.0220223,5395,5356,0.992771,0.651423,0.786664
160,160,0.50,0.0185626,0.499802,0.0184899,6303,6186,0.981437,0.752372,0.851773
160,160,0.60,0.0338645,0.599851,0.0160824,7028,6790,0.966135,0.825833,0.890492
160,160,0.70,0.0533316,0.699862,0.0143044,7594,7189,0.946668,0.874361,0.909079
160,160,0.80,0.0799017,0.799985,0.0128559,8135,7485,0.920098,0.910362,0.915204
160,160,0.90,0.110572,0.899754,0.0116476,8655,7698,0.889428,0.936269,0.912247
160,160,1.00,0.985671,1,-0.032399,573806,8222,0.0143289,1,0.0282529
180,180,0.10,0,0.0994105,0.0467097,1866,1866,1,0.226952,0.369944
180,180,0.20,0,0.19977,0.0362615,2929,2929,1,0.356239,0.525334
180,180,0.30,0.00230521,0.299908,0.027331,4338,4328,0.997695,0.526393,0.689172
180,180,0.40,0.0082027,0.39995,0.021637,5486,5441,0.991797,0.661761,0.793843
180,180,0.50,0.01709,0.49998,0.0181527,6378,6269,0.98291,0.762467,0.858767
180,180,0.60,0.0325548,0.599292,0.0158383,7065,6835,0.967445,0.831306,0.894224
180,180,0.70,0.0503993,0.699879,0.0140977,7639,7254,0.949601,0.882267,0.914696
180,180,0.80,0.0747239,0.799264,0.0126777,8150,7541,0.925276,0.917173,0.921207
180,180,0.90,0.108611,0.899727,0.0114354,8710,7764,0.891389,0.944296,0.91708
180,180,1.00,0.985671,1,-0.0334507,573806,8222,0.0143289,1,0.0282529
200,200,0.10,0,0.0999477,0.0464198,1911,1911,1,0.232425,0.377183
200,200,0.20,0,0.199713,0.0361073,2963,2963,1,0.360375,0.529817
200,200,0.30,0.00162526,0.29989,0.0274534,4307,4300,0.998375,0.522987,0.686408
200,200,0.40,0.00850833,0.399869,0.0215406,5524,5477,0.991492,0.66614,0.796886
200,200,0.50,0.0171687,0.499785,0.0180622,6407,6297,0.982831,0.765872,0.860893
200,200,0.60,0.0310078,0.599331,0.0157769,7095,6875,0.968992,0.836171,0.897695
200,200,0.70,0.0487805,0.699866,0.0140059,7667,7293,0.95122,0.88701,0.917994
200,200,0.80,0.0696847,0.799779,0.0126036,8151,7583,0.930315,0.922282,0.926281
200,200,0.90,0.100785,0.899951,0.0113914,8662,7789,0.899215,0.947336,0.922649
200,200,1.00,0.985671,1,-0.0321182,573806,8222,0.0143289,1,0.0282529
